run_id,simulator,family,finetuned,stimulus,graph,question,seed,OSR,MFR,NASR,NCC,order_consistency,mean_abs_margin,n_surveys,survey_errors,turns,failed_turns,posts,wall_s,NASR_null_mean,NASR_null_sd,NASR_z,NASR_p_perm
concordia_minitaur_q28_s1_barabasi_albert_base_normal,concordia,minitaur,False,normal,barabasi_albert,28,1,0.0,0.0,0.0,0.0,0.3567708333333333,1.398569551606973,6,0,640.0,218.0,422.0,2505.52,0.0,0.0,,1.0
concordia_minitaur_q28_s1_barabasi_albert_ft_normal,concordia,minitaur,True,normal,barabasi_albert,28,1,0.271875,0.5679945054945055,0.11875,0.171875,0.7239583333333334,0.7097497896368926,6,0,640.0,5.0,635.0,3560.83,0.132703125,0.0107474172828,-1.2982770309226175,0.21890547263681592
concordia_minitaur_q28_s1_cycle_base_normal,concordia,minitaur,False,normal,cycle,28,1,0.0,0.0,0.0,0.0,0.1328125,1.594116795497636,6,0,640.0,50.0,590.0,2184.55,0.0,0.0,,1.0
concordia_minitaur_q28_s1_cycle_ft_normal,concordia,minitaur,True,normal,cycle,28,1,0.196875,0.6945238095238095,0.028125,0.046875,0.6380208333333334,0.6896606760759217,6,0,640.0,18.0,622.0,2621.49,0.0454375,0.00974127460369138,-1.7772314922155632,0.06965174129353234
concordia_minitaur_q28_s1_random_base_normal,concordia,minitaur,False,normal,random,28,1,0.0,0.0,0.0,0.0,0.041666666666666664,1.4192641051486135,6,0,640.0,215.0,425.0,2602.49,0.0,0.0,,1.0
concordia_minitaur_q28_s1_random_base_scrambled,concordia,minitaur,False,scrambled,random,28,1,0.0,0.0,0.0,0.0,0.16145833333333334,1.6027865074574947,6,0,640.0,0.0,640.0,970.44,,,,
concordia_minitaur_q28_s1_random_ft_normal,concordia,minitaur,True,normal,random,28,1,0.140625,0.6857142857142857,0.0875,0.421875,0.6354166666666666,0.8806091544684023,6,0,640.0,92.0,548.0,4708.55,0.08360937499999999,0.008858231712919563,0.4392101184625376,0.7761194029850746
concordia_minitaur_q28_s1_random_ft_scrambled,concordia,minitaur,True,scrambled,random,28,1,0.165625,0.5556060606060607,0.078125,0.109375,0.4557291666666667,0.3459912808611989,6,0,640.0,0.0,640.0,2019.97,,,,
concordia_minitaur_q28_s2_barabasi_albert_base_normal,concordia,minitaur,False,normal,barabasi_albert,28,2,0.0,0.0,0.0,0.0,0.13541666666666666,1.4033182924613357,6,0,640.0,196.0,444.0,2370.03,0.0,0.0,,1.0
concordia_minitaur_q28_s2_barabasi_albert_ft_normal,concordia,minitaur,True,normal,barabasi_albert,28,2,0.228125,0.6397058823529411,0.121875,0.203125,0.7083333333333334,0.7127281430681857,6,0,640.0,0.0,640.0,2564.87,0.11599999999999999,0.010322036666994253,0.5691706190877918,0.6865671641791045
concordia_minitaur_q28_s2_cycle_base_normal,concordia,minitaur,False,normal,cycle,28,2,0.0,0.0,0.0,0.0,0.2526041666666667,1.6120830836395423,6,0,640.0,49.0,591.0,1946.37,0.0,0.0,,1.0
concordia_minitaur_q28_s2_cycle_ft_normal,concordia,minitaur,True,normal,cycle,28,2,0.203125,0.5818181818181818,0.065625,0.078125,0.6484375,0.795762560388539,6,0,640.0,16.0,624.0,2794.09,0.050625,0.010623983841446511,1.4118997377877855,0.21890547263681592
concordia_minitaur_q28_s2_random_base_normal,concordia,minitaur,False,normal,random,28,2,0.0,0.0,0.0,0.0,0.453125,1.5107114032531779,6,0,640.0,206.0,434.0,2343.16,0.0,0.0,,1.0
concordia_minitaur_q28_s2_random_base_scrambled,concordia,minitaur,False,scrambled,random,28,2,0.0,0.0,0.0,0.0,0.1953125,1.6252518907810252,6,0,640.0,0.0,640.0,738.69,,,,
concordia_minitaur_q28_s2_random_ft_normal,concordia,minitaur,True,normal,random,28,2,0.290625,0.5571957028478768,0.109375,0.046875,0.6875,0.6491689483906763,6,0,640.0,0.0,640.0,3230.6,0.13501562499999997,0.012355070225854812,-2.0753119594855214,0.06965174129353234
concordia_minitaur_q28_s2_random_ft_scrambled,concordia,minitaur,True,scrambled,random,28,2,0.215625,0.554555589338198,0.078125,-0.046875,0.4817708333333333,0.3196608097835754,6,0,640.0,0.0,640.0,1903.72,,,,
concordia_minitaur_q29_s1_barabasi_albert_base_normal,concordia,minitaur,False,normal,barabasi_albert,29,1,0.0,0.0,0.0,0.0,0.5885416666666666,3.032268688946109,6,0,640.0,236.0,404.0,2224.32,0.0,0.0,,1.0
concordia_minitaur_q29_s1_barabasi_albert_ft_normal,concordia,minitaur,True,normal,barabasi_albert,29,1,0.08125,0.42095238095238097,0.034375,-0.0625,0.4296875,1.369678728496865,6,0,640.0,0.0,640.0,3042.34,0.03437499999999999,1.3912612926078192e-17,0.9974968671630001,1.0
concordia_minitaur_q29_s1_cycle_base_normal,concordia,minitaur,False,normal,cycle,29,1,0.0,0.0,0.0,0.0,0.3229166666666667,3.374016468614476,6,0,640.0,14.0,626.0,1804.6,0.0,0.0,,1.0
concordia_minitaur_q29_s1_cycle_ft_normal,concordia,minitaur,True,normal,cycle,29,1,0.14375,0.3040909090909091,0.03125,-0.34375,0.5026041666666666,1.3809605245251835,6,0,640.0,13.0,627.0,2460.71,0.025203125000000003,0.006734353230007137,0.8979147356061079,0.4975124378109453
concordia_minitaur_q29_s1_random_base_normal,concordia,minitaur,False,normal,random,29,1,0.0,0.0,0.0,0.0,0.5807291666666666,3.2285018004865074,6,0,640.0,221.0,419.0,2387.63,0.0,0.0,,1.0
concordia_minitaur_q29_s1_random_base_scrambled,concordia,minitaur,False,scrambled,random,29,1,0.0,0.0,0.0,0.0,0.8072916666666666,3.4953790764314667,6,0,640.0,0.0,640.0,812.59,,,,
concordia_minitaur_q29_s1_random_ft_normal,concordia,minitaur,True,normal,random,29,1,0.1125,0.34444444444444444,0.04375,-0.125,0.3671875,1.287740823987671,6,0,640.0,0.0,640.0,2272.09,0.043703124999999995,0.0003808046352476953,0.12309461508920924,1.0
concordia_minitaur_q29_s1_random_ft_scrambled,concordia,minitaur,True,scrambled,random,29,1,0.0,0.0,0.0,0.0,0.5755208333333334,2.33855340812651,6,0,640.0,0.0,640.0,2175.31,,,,
concordia_minitaur_q29_s2_barabasi_albert_base_normal,concordia,minitaur,False,normal,barabasi_albert,29,2,0.0,0.0,0.0,0.0,0.4270833333333333,3.0916464799447567,6,0,640.0,190.0,450.0,2301.87,0.0,0.0,,1.0
concordia_minitaur_q29_s2_barabasi_albert_ft_normal,concordia,minitaur,True,normal,barabasi_albert,29,2,0.13125,0.43136363636363634,0.059375,-0.0625,0.3619791666666667,1.2189730938922974,6,0,640.0,6.0,634.0,3431.53,0.059234374999999985,0.0007210642500070223,0.19502422980842934,1.0
concordia_minitaur_q29_s2_cycle_base_normal,concordia,minitaur,False,normal,cycle,29,2,0.0,0.0,0.0,0.0,0.421875,3.557011583742375,6,0,640.0,52.0,588.0,2105.79,0.0,0.0,,1.0
concordia_minitaur_q29_s2_cycle_ft_normal,concordia,minitaur,True,normal,cycle,29,2,0.0625,0.22999999999999998,0.015625,-0.15625,0.3880208333333333,1.4793616460036294,6,0,640.0,25.0,615.0,2837.24,0.012859375000000001,0.0028913517268601354,0.9565162807097601,0.746268656716418
concordia_minitaur_q29_s2_random_base_normal,concordia,minitaur,False,normal,random,29,2,0.0,0.0,0.0,0.0,0.4817708333333333,3.2021990195013736,6,0,640.0,240.0,400.0,2331.15,0.0,0.0,,1.0
concordia_minitaur_q29_s2_random_base_scrambled,concordia,minitaur,False,scrambled,random,29,2,0.0,0.0,0.0,0.0,0.8619791666666666,3.565496967508807,6,0,640.0,0.0,640.0,891.13,,,,
concordia_minitaur_q29_s2_random_ft_normal,concordia,minitaur,True,normal,random,29,2,0.184375,0.3333333333333333,0.071875,-0.234375,0.421875,1.186318042141579,6,0,640.0,8.0,632.0,3349.68,0.06496874999999999,0.004652982205480978,1.4842631445838734,0.22885572139303484
concordia_minitaur_q29_s2_random_ft_scrambled,concordia,minitaur,True,scrambled,random,29,2,0.01875,0.2,0.009375,0.0,0.5442708333333334,2.2172338927670503,6,0,640.0,0.0,640.0,2017.96,,,,
concordia_qwen_q28_s1_barabasi_albert_base_normal,concordia,qwen,False,normal,barabasi_albert,28,1,0.009375,0.1,0.003125,-0.015625,0.9895833333333334,8.372238191497035,6,0,640.0,125.0,515.0,4417.17,0.003125,0.0,,1.0
concordia_qwen_q28_s1_barabasi_albert_ft_normal,concordia,qwen,True,normal,barabasi_albert,28,1,0.03125,0.5333333333333333,0.015625,0.0,0.9817708333333334,2.3345952800409577,6,0,640.0,298.0,342.0,7154.41,0.015625,0.0,,1.0
concordia_qwen_q28_s1_cycle_ft_normal,concordia,qwen,True,normal,cycle,28,1,0.0375,0.4,0.00625,-0.09375,0.96875,1.7813074576273114,6,0,640.0,242.0,398.0,6820.75,0.008531249999999999,0.001557309217043114,-1.4648664343818896,0.527363184079602
concordia_qwen_q28_s1_random_base_normal,concordia,qwen,False,normal,random,28,1,0.0,0.0,0.0,0.0,0.9947916666666666,8.400530962585883,6,0,640.0,32.0,608.0,2895.6,0.0,0.0,,1.0
concordia_qwen_q28_s1_random_base_scrambled,concordia,qwen,False,scrambled,random,28,1,0.003125,0.0,0.0,-0.015625,1.0,9.262981433241807,6,0,640.0,20.0,620.0,2914.32,,,,
concordia_qwen_q28_s1_random_ft_normal,concordia,qwen,True,normal,random,28,1,0.04375,0.34285714285714286,0.021875,0.0,0.9973958333333334,2.294014121300279,6,0,640.0,185.0,455.0,6764.59,0.021875,0.0,,1.0
concordia_qwen_q28_s1_random_ft_scrambled,concordia,qwen,True,scrambled,random,28,1,0.0125,0.1,0.003125,-0.03125,0.9739583333333334,1.3523701888528497,6,0,640.0,63.0,577.0,6434.38,,,,
concordia_qwen_q28_s2_barabasi_albert_base_normal,concordia,qwen,False,normal,barabasi_albert,28,2,0.00625,0.2,0.003125,0.0,0.9817708333333334,8.634085877110996,6,0,640.0,154.0,486.0,5064.16,0.003125,0.0,,1.0
concordia_qwen_q28_s2_barabasi_albert_ft_normal,concordia,qwen,True,normal,barabasi_albert,28,2,0.053125,0.5523809523809524,0.025,-0.015625,0.9765625,2.152376407471214,6,0,640.0,263.0,377.0,7237.04,0.025,0.0,,1.0
concordia_qwen_q28_s2_cycle_ft_normal,concordia,qwen,True,normal,cycle,28,2,0.06875,0.5,0.025,-0.03125,0.9609375,1.359258720369932,6,0,640.0,231.0,409.0,6942.97,0.027234375,0.003751275693818058,-0.5956307086898878,0.736318407960199
concordia_qwen_q28_s2_random_base_normal,concordia,qwen,False,normal,random,28,2,0.0,0.0,0.0,0.0,1.0,8.900317728975962,6,0,640.0,3.0,637.0,3105.85,0.0,0.0,,1.0
concordia_qwen_q28_s2_random_base_scrambled,concordia,qwen,False,scrambled,random,28,2,0.0,0.0,0.0,0.0,1.0,9.594481241793405,6,0,640.0,24.0,616.0,2738.35,,,,
concordia_qwen_q28_s2_random_ft_normal,concordia,qwen,True,normal,random,28,2,0.09375,0.27222222222222225,0.034375,-0.125,0.9583333333333334,2.0966956541888067,6,0,640.0,185.0,455.0,6890.26,0.03437499999999999,1.3912612926078192e-17,0.9974968671630001,1.0
concordia_qwen_q28_s2_random_ft_scrambled,concordia,qwen,True,scrambled,random,28,2,0.025,0.16666666666666666,0.009375,-0.03125,0.9869791666666666,1.3224520290386863,6,0,640.0,43.0,597.0,6032.18,,,,
concordia_qwen_q29_s1_barabasi_albert_base_normal,concordia,qwen,False,normal,barabasi_albert,29,1,0.009375,0.4,0.00625,0.015625,0.9947916666666666,6.414260864400771,6,0,640.0,314.0,326.0,6319.8,0.00625,0.0,,1.0
concordia_qwen_q29_s1_barabasi_albert_ft_normal,concordia,qwen,True,normal,barabasi_albert,29,1,0.24375,0.5280994152046784,0.121875,0.0625,0.6744791666666666,1.333853599391394,6,0,640.0,264.0,376.0,7110.67,0.10821875,0.010453134447926714,1.3064263229397752,0.1890547263681592
concordia_qwen_q29_s1_random_base_normal,concordia,qwen,False,normal,random,29,1,0.009375,0.3,0.00625,0.015625,0.9947916666666666,7.556102786935156,6,0,640.0,113.0,527.0,3413.45,0.00625,0.0,,1.0
concordia_qwen_q29_s1_random_base_scrambled,concordia,qwen,False,scrambled,random,29,1,0.159375,0.22166666666666668,0.03125,-0.453125,0.8020833333333334,5.920014167394747,6,0,640.0,131.0,509.0,3927.06,,,,
concordia_qwen_q29_s1_random_ft_normal,concordia,qwen,True,normal,random,29,1,0.203125,0.6597402597402598,0.08125,0.140625,0.5989583333333334,1.4106510436380784,6,0,640.0,154.0,486.0,6825.4,0.09215625,0.01001525022768356,-1.088964304641494,0.3482587064676617
concordia_qwen_q29_s1_random_ft_scrambled,concordia,qwen,True,scrambled,random,29,1,0.175,0.7286507936507937,0.1,0.375,0.4244791666666667,1.5713781516406395,6,0,640.0,17.0,623.0,5203.66,,,,
concordia_qwen_q29_s2_barabasi_albert_base_normal,concordia,qwen,False,normal,barabasi_albert,29,2,0.0,0.0,0.0,0.0,1.0,7.617652201245268,6,0,640.0,461.0,179.0,6677.05,0.0,0.0,,1.0
concordia_qwen_q29_s2_barabasi_albert_ft_normal,concordia,qwen,True,normal,barabasi_albert,29,2,0.228125,0.4551282051282051,0.09375,-0.046875,0.6666666666666666,1.1436987197361834,6,0,640.0,238.0,402.0,6956.8,0.100046875,0.0097947164051165,-0.6428848717570499,0.5671641791044776
concordia_qwen_q29_s2_random_base_normal,concordia,qwen,False,normal,random,29,2,0.0,0.0,0.0,0.0,1.0,7.5480308142671815,6,0,640.0,111.0,529.0,3157.55,0.0,0.0,,1.0
concordia_qwen_q29_s2_random_base_scrambled,concordia,qwen,False,scrambled,random,29,2,0.096875,0.19714285714285715,0.0125,-0.328125,0.8385416666666666,5.803520516743333,6,0,640.0,80.0,560.0,3546.91,,,,
concordia_qwen_q29_s2_random_ft_normal,concordia,qwen,True,normal,random,29,2,0.234375,0.598868778280543,0.1,0.109375,0.4661458333333333,1.0998436546169235,6,0,640.0,108.0,532.0,6477.94,0.11496875,0.01031742401859093,-1.4508224119729742,0.15920398009950248
concordia_qwen_q29_s2_random_ft_scrambled,concordia,qwen,True,scrambled,random,29,2,0.16875,0.8016849816849817,0.090625,0.34375,0.4583333333333333,1.6075047430941443,6,0,640.0,32.0,608.0,6046.23,,,,
oasis_minitaur_q28_s1_barabasi_albert_base_normal,oasis,minitaur,False,normal,barabasi_albert,28,1,0.0,0.0,0.0,0.0,0.2552083333333333,1.738415937870741,6,0,640.0,101.0,333.0,3175.78,0.0,0.0,,1.0
oasis_minitaur_q28_s1_barabasi_albert_ft_normal,oasis,minitaur,True,normal,barabasi_albert,28,1,0.228125,0.5070229922632669,0.1,0.171875,0.5677083333333334,0.5393834389833501,6,0,640.0,353.0,142.0,4614.95,0.11262499999999999,0.010829124778454475,-1.1658375222639012,0.3582089552238806
oasis_minitaur_q28_s1_cycle_base_normal,oasis,minitaur,False,normal,cycle,28,1,0.0,0.0,0.0,0.0,0.3151041666666667,1.7459094884494941,6,0,640.0,81.0,321.0,3146.95,0.0,0.0,,1.0
oasis_minitaur_q28_s1_cycle_ft_normal,oasis,minitaur,True,normal,cycle,28,1,0.221875,0.6190909090909091,0.06875,0.203125,0.5651041666666666,0.5071558986140493,6,0,640.0,311.0,139.0,4309.47,0.06624999999999999,0.009817348888370011,0.2546512330800026,0.9353233830845771
oasis_minitaur_q28_s1_random_base_normal,oasis,minitaur,False,normal,random,28,1,0.0,0.0,0.0,0.0,0.3515625,1.7486065225675702,6,0,640.0,96.0,345.0,3201.48,0.0,0.0,,1.0
oasis_minitaur_q28_s1_random_base_scrambled,oasis,minitaur,False,scrambled,random,28,1,0.0,0.0,0.0,0.0,0.1796875,1.497273485486706,6,0,640.0,256.0,310.0,3173.45,,,,
oasis_minitaur_q28_s1_random_ft_normal,oasis,minitaur,True,normal,random,28,1,0.203125,0.5392812643452031,0.109375,0.203125,0.6041666666666666,0.6201387231534076,6,0,640.0,346.0,176.0,4334.48,0.11296875,0.007836802652650052,-0.45857349729034746,0.8557213930348259
oasis_minitaur_q28_s1_random_ft_scrambled,oasis,minitaur,True,scrambled,random,28,1,0.11875,0.6350649350649351,0.078125,0.21875,0.4791666666666667,0.37329295782061916,6,0,640.0,452.0,136.0,4577.81,,,,
oasis_minitaur_q28_s2_barabasi_albert_base_normal,oasis,minitaur,False,normal,barabasi_albert,28,2,0.0,0.0,0.0,0.0,0.3385416666666667,1.751101556699723,6,0,640.0,83.0,341.0,3279.57,0.0,0.0,,1.0
oasis_minitaur_q28_s2_barabasi_albert_ft_normal,oasis,minitaur,True,normal,barabasi_albert,28,2,0.25,0.5556808688387636,0.121875,0.15625,0.5729166666666666,0.5227706658964356,6,0,640.0,355.0,172.0,4566.4,0.13068749999999998,0.00963958709941646,-0.9141989080147903,0.43781094527363185
oasis_minitaur_q28_s2_cycle_base_normal,oasis,minitaur,False,normal,cycle,28,2,0.0,0.0,0.0,0.0,0.2708333333333333,1.7553095187370975,6,0,640.0,101.0,310.0,3168.37,0.0,0.0,,1.0
oasis_minitaur_q28_s2_cycle_ft_normal,oasis,minitaur,True,normal,cycle,28,2,0.20625,0.6063768115942029,0.065625,0.125,0.5625,0.5256510695714193,6,0,640.0,301.0,161.0,4330.23,0.06379687499999999,0.010541803580174976,0.17341672002293843,0.9353233830845771
oasis_minitaur_q28_s2_random_base_normal,oasis,minitaur,False,normal,random,28,2,0.0,0.0,0.0,0.0,0.3255208333333333,1.7668745329913993,6,0,640.0,95.0,339.0,3248.79,0.0,0.0,,1.0
oasis_minitaur_q28_s2_random_base_scrambled,oasis,minitaur,False,scrambled,random,28,2,0.0,0.0,0.0,0.0,0.15364583333333334,1.5133668622002006,6,0,640.0,256.0,322.0,3262.25,,,,
oasis_minitaur_q28_s2_random_ft_normal,oasis,minitaur,True,normal,random,28,2,0.225,0.5226190476190476,0.1125,0.125,0.5520833333333334,0.5319850104084859,6,0,640.0,343.0,174.0,4524.22,0.1190625,0.007280066748272056,-0.9014340426971533,0.5074626865671642
oasis_minitaur_q28_s2_random_ft_scrambled,oasis,minitaur,True,scrambled,random,28,2,0.128125,0.6269444444444445,0.06875,0.140625,0.484375,0.35253809625282884,6,0,640.0,434.0,169.0,4566.09,,,,
oasis_minitaur_q29_s1_barabasi_albert_base_normal,oasis,minitaur,False,normal,barabasi_albert,29,1,0.0,0.0,0.0,0.0,0.3567708333333333,4.156944833302987,6,0,640.0,101.0,357.0,3769.16,0.0,0.0,,1.0
oasis_minitaur_q29_s1_barabasi_albert_ft_normal,oasis,minitaur,True,normal,barabasi_albert,29,1,0.053125,0.58,0.025,-0.015625,0.4739583333333333,1.8294391021039853,6,0,640.0,381.0,132.0,4794.09,0.025,0.0,,1.0
oasis_minitaur_q29_s1_cycle_base_normal,oasis,minitaur,False,normal,cycle,29,1,0.0,0.0,0.0,0.0,0.3958333333333333,4.236970559761782,6,0,640.0,73.0,369.0,3442.28,0.0,0.0,,1.0
oasis_minitaur_q29_s1_cycle_ft_normal,oasis,minitaur,True,normal,cycle,29,1,0.078125,0.6266666666666667,0.03125,-0.015625,0.4817708333333333,1.7520945569914375,6,0,640.0,330.0,166.0,4462.88,0.0299375,0.004816432430418174,0.27250460147866057,1.0
oasis_minitaur_q29_s1_random_base_normal,oasis,minitaur,False,normal,random,29,1,0.0,0.0,0.0,0.0,0.3697916666666667,4.142486247015768,6,0,640.0,99.0,363.0,3706.63,0.0,0.0,,1.0
oasis_minitaur_q29_s1_random_base_scrambled,oasis,minitaur,False,scrambled,random,29,1,0.0,0.0,0.0,0.0,0.5598958333333334,3.911308713548351,6,0,640.0,258.0,308.0,3617.76,,,,
oasis_minitaur_q29_s1_random_ft_normal,oasis,minitaur,True,normal,random,29,1,0.084375,0.5833333333333333,0.040625,-0.015625,0.4427083333333333,1.7699399586207771,6,0,640.0,387.0,156.0,4616.87,0.04062500000000001,6.956306463039096e-18,-0.9974968671630001,1.0
oasis_minitaur_q29_s1_random_ft_scrambled,oasis,minitaur,True,scrambled,random,29,1,0.015625,0.2,0.00625,-0.015625,0.4583333333333333,1.9815751132925545,6,0,640.0,467.0,141.0,4632.38,,,,
oasis_minitaur_q29_s2_barabasi_albert_base_normal,oasis,minitaur,False,normal,barabasi_albert,29,2,0.0,0.0,0.0,0.0,0.375,4.173811970441117,6,0,640.0,96.0,319.0,3882.97,0.0,0.0,,1.0
oasis_minitaur_q29_s2_barabasi_albert_ft_normal,oasis,minitaur,True,normal,barabasi_albert,29,2,0.059375,0.275,0.025,-0.046875,0.4661458333333333,1.7503995519133848,6,0,640.0,399.0,106.0,4805.18,0.025,0.0,,1.0
oasis_minitaur_q29_s2_cycle_base_normal,oasis,minitaur,False,normal,cycle,29,2,0.0,0.0,0.0,0.0,0.3255208333333333,4.172619110026669,6,0,640.0,89.0,309.0,3733.45,0.0,0.0,,1.0
oasis_minitaur_q29_s2_cycle_ft_normal,oasis,minitaur,True,normal,cycle,29,2,0.090625,0.5666666666666667,0.034375,-0.046875,0.421875,1.6977471029774733,6,0,640.0,364.0,124.0,4689.87,0.0346875,0.004812763077714407,-0.06493151542136733,1.0
oasis_minitaur_q29_s2_random_base_normal,oasis,minitaur,False,normal,random,29,2,0.0,0.0,0.0,0.0,0.4270833333333333,4.170242039234533,6,0,640.0,105.0,333.0,3788.91,0.0,0.0,,1.0
oasis_minitaur_q29_s2_random_base_scrambled,oasis,minitaur,False,scrambled,random,29,2,0.0,0.0,0.0,0.0,0.5677083333333334,3.966335354523229,6,0,640.0,258.0,312.0,3597.33,,,,
oasis_minitaur_q29_s2_random_ft_normal,oasis,minitaur,True,normal,random,29,2,0.046875,0.41666666666666663,0.01875,-0.046875,0.4348958333333333,1.6860727283788037,6,0,640.0,382.0,170.0,4556.45,0.018749999999999996,3.478153231519548e-18,0.9974968671630001,1.0
oasis_minitaur_q29_s2_random_ft_scrambled,oasis,minitaur,True,scrambled,random,29,2,0.015625,0.2,0.003125,-0.046875,0.4401041666666667,1.966519275806225,6,0,640.0,455.0,181.0,4758.3,,,,
oasis_qwen_q28_s1_barabasi_albert_base_normal,oasis,qwen,False,normal,barabasi_albert,28,1,0.01875,0.3333333333333333,0.009375,0.0,0.9661458333333334,7.253252883224843,6,0,640.0,10.0,158.0,2417.93,0.009374999999999998,1.739076615759774e-18,0.9974968671630001,1.0
oasis_qwen_q28_s1_barabasi_albert_ft_normal,oasis,qwen,True,normal,barabasi_albert,28,1,0.08125,0.54,0.040625,0.0,0.9921875,1.5319304128182314,6,0,640.0,126.0,288.0,4643.27,0.04057812500000001,0.0003808046352476961,0.12309461508919077,1.0
oasis_qwen_q28_s1_cycle_base_normal,oasis,qwen,False,normal,cycle,28,1,0.06875,0.4809523809523809,0.028125,0.0,0.9348958333333334,7.038307551378952,6,0,640.0,13.0,153.0,2483.88,0.029796875000000004,0.003973618195953287,-0.4207437447570157,0.9552238805970149
oasis_qwen_q28_s1_cycle_ft_normal,oasis,qwen,True,normal,cycle,28,1,0.11875,0.625934065934066,0.04375,0.0,0.9661458333333334,1.5521812754122948,6,0,640.0,120.0,246.0,4173.92,0.04731249999999999,0.006413073565991121,-0.5555058683393448,0.6865671641791045
oasis_qwen_q28_s1_random_base_normal,oasis,qwen,False,normal,random,28,1,0.025,0.3,0.0125,0.0,0.9661458333333334,7.175127342083905,6,0,640.0,12.0,150.0,2547.4,0.0125,0.0,,1.0
oasis_qwen_q28_s1_random_base_scrambled,oasis,qwen,False,scrambled,random,28,1,0.0375,0.3666666666666667,0.01875,0.0,0.9973958333333334,7.6794571014988415,6,0,640.0,178.0,132.0,2126.24,,,,
oasis_qwen_q28_s1_random_ft_normal,oasis,qwen,True,normal,random,28,1,0.121875,0.595,0.059375,-0.015625,0.9609375,1.4887693695127382,6,0,640.0,129.0,290.0,4542.56,0.059359375,0.00022097086912079583,0.07071067811864705,1.0
oasis_qwen_q28_s1_random_ft_scrambled,oasis,qwen,True,scrambled,random,28,1,0.075,0.5777777777777777,0.0375,0.0,0.96875,1.4221366171295813,6,0,640.0,215.0,330.0,3969.6,,,,
oasis_qwen_q28_s2_barabasi_albert_base_normal,oasis,qwen,False,normal,barabasi_albert,28,2,0.08125,0.5136363636363637,0.040625,0.0,0.9036458333333334,6.772103832680656,6,0,640.0,10.0,161.0,2441.07,0.040531250000000005,0.0006194793871108842,0.15133675462104723,1.0
oasis_qwen_q28_s2_barabasi_albert_ft_normal,oasis,qwen,True,normal,barabasi_albert,28,2,0.0125,0.3,0.00625,0.0,0.9947916666666666,1.0342358183697797,6,0,640.0,625.0,0.0,1246.14,0.00625,0.0,,1.0
oasis_qwen_q28_s2_cycle_base_normal,oasis,qwen,False,normal,cycle,28,2,0.0,0.0,0.0,0.0,0.9817708333333334,7.6473048167220385,6,0,640.0,18.0,171.0,2423.8,0.0,0.0,,1.0
oasis_qwen_q28_s2_cycle_ft_normal,oasis,qwen,True,normal,cycle,28,2,0.21875,0.7272727272727273,0.05625,0.0,0.9583333333333334,1.2671982908165471,6,0,640.0,122.0,245.0,4295.07,0.058249999999999996,0.009666429305986683,-0.20690163210124968,0.9552238805970149
oasis_qwen_q28_s2_random_base_normal,oasis,qwen,False,normal,random,28,2,0.0,0.0,0.0,0.0,0.9661458333333334,7.3987258812886365,6,0,640.0,446.0,52.0,4864.05,0.0,0.0,,1.0
oasis_qwen_q28_s2_random_base_scrambled,oasis,qwen,False,scrambled,random,28,2,0.0,0.0,0.0,0.0,1.0,7.035346736090901,6,33,640.0,640.0,0.0,4982.85,,,,
oasis_qwen_q28_s2_random_ft_normal,oasis,qwen,True,normal,random,28,2,0.125,0.55,0.0625,0.0,0.9661458333333334,1.2611492930312427,6,0,640.0,489.0,53.0,5040.09,0.06209375,0.0015761028483072459,0.2577560217192136,1.0
oasis_qwen_q28_s2_random_ft_scrambled,oasis,qwen,True,scrambled,random,28,2,0.025,0.3333333333333333,0.0125,0.0,0.984375,1.1951562177370458,6,0,640.0,600.0,20.0,4975.4,,,,
oasis_qwen_q29_s1_barabasi_albert_base_normal,oasis,qwen,False,normal,barabasi_albert,29,1,0.071875,0.0,0.0,-0.359375,0.9348958333333334,5.742183252518118,6,0,640.0,625.0,2.0,4929.98,0.0,0.0,,1.0
oasis_qwen_q29_s1_barabasi_albert_ft_normal,oasis,qwen,True,normal,barabasi_albert,29,1,0.09375,0.3118181818181818,0.03125,0.0,0.578125,0.8796346051204674,6,0,640.0,567.0,2.0,4887.84,0.03673437500000001,0.0066788890753462045,-0.8211507839296942,0.47761194029850745
oasis_qwen_q29_s1_cycle_base_normal,oasis,qwen,False,normal,cycle,29,1,0.0,0.0,0.0,0.0,1.0,5.492641338438086,6,0,640.0,640.0,0.0,4864.89,0.0,0.0,,1.0
oasis_qwen_q29_s1_cycle_ft_normal,oasis,qwen,True,normal,cycle,29,1,0.209375,0.5311355311355312,0.05,0.109375,0.7604166666666666,1.8190848054150213,6,0,640.0,594.0,11.0,4911.18,0.057890625,0.009701382600235689,-0.8133505630226665,0.46766169154228854
oasis_qwen_q29_s1_random_base_normal,oasis,qwen,False,normal,random,29,1,0.11875,0.2569444444444445,0.015625,-0.5,0.7890625,4.877148399631014,6,0,640.0,494.0,47.0,4939.37,0.013046875,0.00294616258534239,0.8750789969387864,0.6567164179104478
oasis_qwen_q29_s1_random_base_scrambled,oasis,qwen,False,scrambled,random,29,1,0.26875,0.513333725098431,0.071875,-0.46875,0.6328125,5.979183027726033,6,0,640.0,640.0,0.0,5018.85,,,,
oasis_qwen_q29_s1_random_ft_normal,oasis,qwen,True,normal,random,29,1,0.246875,0.73,0.09375,0.265625,0.4947916666666667,1.5321615938535256,6,0,640.0,457.0,66.0,4933.22,0.09098437499999999,0.010396020945142146,0.2660272631801814,0.9651741293532339
oasis_qwen_q29_s1_random_ft_scrambled,oasis,qwen,True,scrambled,random,29,1,0.171875,0.4833333333333333,0.084375,0.296875,0.2630208333333333,1.6468007618619822,6,0,640.0,616.0,5.0,4974.66,,,,
oasis_qwen_q29_s2_barabasi_albert_base_normal,oasis,qwen,False,normal,barabasi_albert,29,2,0.10625,0.175,0.0125,-0.40625,0.7552083333333334,4.606669607117702,6,0,640.0,13.0,167.0,2832.74,0.013250000000000001,0.0036297728932099048,-0.20662449747283107,1.0
oasis_qwen_q29_s2_barabasi_albert_ft_normal,oasis,qwen,True,normal,barabasi_albert,29,2,0.259375,0.6758240297713982,0.13125,0.140625,0.5208333333333334,1.5829824097921705,6,0,640.0,152.0,237.0,4677.03,0.10865625000000001,0.010622644211197532,2.12694217661771,0.01990049751243781
oasis_qwen_q29_s2_cycle_base_normal,oasis,qwen,False,normal,cycle,29,2,0.09375,0.050793650793650794,0.009375,-0.40625,0.8072916666666666,4.4942625851283236,6,0,640.0,13.0,176.0,2660.63,0.007921875,0.0026927409602055755,0.5396452987772956,1.0
oasis_qwen_q29_s2_cycle_ft_normal,oasis,qwen,True,normal,cycle,29,2,0.253125,0.5966666666666667,0.040625,0.109375,0.5859375,1.6324810563730523,6,0,640.0,112.0,245.0,4227.55,0.062890625,0.010209111802864731,-2.180956133103778,0.029850746268656716
oasis_qwen_q29_s2_random_base_normal,oasis,qwen,False,normal,random,29,2,0.109375,0.2808080808080808,0.0125,-0.390625,0.7942708333333334,4.386176551047391,6,0,640.0,11.0,161.0,2683.48,0.014968750000000001,0.0015535232084833755,-1.5891297835261267,0.48756218905472637
oasis_qwen_q29_s2_random_base_scrambled,oasis,qwen,False,scrambled,random,29,2,0.165625,0.2666666666666667,0.040625,-0.421875,0.7369791666666666,4.396307581129922,6,0,640.0,187.0,164.0,2254.9,,,,
oasis_qwen_q29_s2_random_ft_normal,oasis,qwen,True,normal,random,29,2,0.20625,0.7202777777777778,0.071875,0.09375,0.5338541666666666,1.4116413663943774,6,0,640.0,473.0,64.0,2231.96,0.08403124999999999,0.007723519661872862,-1.5739262062100128,0.14925373134328357
oasis_qwen_q29_s2_random_ft_scrambled,oasis,qwen,True,scrambled,random,29,2,0.253125,0.6176884518989783,0.128125,0.203125,0.3984375,1.5231981796454288,6,0,640.0,239.0,306.0,4163.45,,,,
silisocs_minitaur_q28_s1_barabasi_albert_base_normal,silisocs,minitaur,False,normal,barabasi_albert,28,1,0.0,0.0,0.0,0.0,0.3697916666666667,1.5692526114483674,6,0,640.0,14.0,510.0,1456.19,0.0,0.0,,1.0
silisocs_minitaur_q28_s1_barabasi_albert_ft_normal,silisocs,minitaur,True,normal,barabasi_albert,28,1,0.1625,0.6215201465201465,0.09375,0.3125,0.7916666666666666,0.8228387955653792,6,0,640.0,24.0,497.0,3658.56,0.09098437499999999,0.008861998026941927,0.31207691443758556,0.9154228855721394
silisocs_minitaur_q28_s1_cycle_base_normal,silisocs,minitaur,False,normal,cycle,28,1,0.0,0.0,0.0,0.0,0.1484375,1.4382610855003197,6,0,640.0,11.0,508.0,1344.46,0.0,0.0,,1.0
silisocs_minitaur_q28_s1_cycle_ft_normal,silisocs,minitaur,True,normal,cycle,28,1,0.128125,0.5658333333333333,0.04375,0.046875,0.5078125,0.5070123089438615,6,0,640.0,43.0,441.0,3198.13,0.033046875,0.008593571549083715,1.2454804081012403,0.30845771144278605
silisocs_minitaur_q28_s1_random_base_normal,silisocs,minitaur,False,normal,random,28,1,0.0,0.0,0.0,0.0,0.19010416666666666,1.4758393798644345,6,0,640.0,15.0,510.0,1590.58,0.0,0.0,,1.0
silisocs_minitaur_q28_s1_random_base_scrambled,silisocs,minitaur,False,scrambled,random,28,1,0.0,0.0,0.0,0.0,0.015625,1.2236077732716997,6,0,640.0,28.0,487.0,1694.88,,,,
silisocs_minitaur_q28_s1_random_ft_normal,silisocs,minitaur,True,normal,random,28,1,0.1125,0.5909090909090909,0.0875,0.46875,0.5546875,0.8583572914746279,6,0,640.0,22.0,449.0,3605.09,0.06815625,0.007495221991442617,2.580810818156551,0.009950248756218905
silisocs_minitaur_q28_s1_random_ft_scrambled,silisocs,minitaur,True,scrambled,random,28,1,0.2125,0.6766959511077159,0.1,0.21875,0.4505208333333333,0.30751187323282164,6,0,640.0,60.0,397.0,3742.2,,,,
silisocs_minitaur_q28_s2_barabasi_albert_base_normal,silisocs,minitaur,False,normal,barabasi_albert,28,2,0.0,0.0,0.0,0.0,0.033854166666666664,1.3910238333046436,6,0,640.0,13.0,505.0,1551.23,0.0,0.0,,1.0
silisocs_minitaur_q28_s2_barabasi_albert_ft_normal,silisocs,minitaur,True,normal,barabasi_albert,28,2,0.209375,0.5341269841269841,0.09375,0.234375,0.4921875,0.36169257406921435,6,0,640.0,21.0,385.0,3590.85,0.10240624999999999,0.011259548920671065,-0.7687918993014226,0.527363184079602
silisocs_minitaur_q28_s2_cycle_base_normal,silisocs,minitaur,False,normal,cycle,28,2,0.0,0.0,0.0,0.0,0.12760416666666666,1.3951137044156592,6,0,640.0,9.0,491.0,1321.15,0.0,0.0,,1.0
silisocs_minitaur_q28_s2_cycle_ft_normal,silisocs,minitaur,True,normal,cycle,28,2,0.1875,0.5246176046176045,0.05,0.03125,0.65625,0.7417238587901617,6,0,640.0,40.0,508.0,3377.12,0.045234375,0.00883293376113042,0.5395291223592407,0.6666666666666666
silisocs_minitaur_q28_s2_random_base_normal,silisocs,minitaur,False,normal,random,28,2,0.0,0.0,0.0,0.0,0.09635416666666667,1.3726158946131666,6,0,640.0,10.0,512.0,1394.86,0.0,0.0,,1.0
silisocs_minitaur_q28_s2_random_base_scrambled,silisocs,minitaur,False,scrambled,random,28,2,0.0,0.0,0.0,0.0,0.026041666666666668,1.2556959403057892,6,0,640.0,37.0,480.0,1797.45,,,,
silisocs_minitaur_q28_s2_random_ft_normal,silisocs,minitaur,True,normal,random,28,2,0.284375,0.5003921568627451,0.1,-0.015625,0.5208333333333334,0.3963454582262784,6,0,640.0,28.0,453.0,3451.2,0.12,0.012270186423782315,-1.6299670851973038,0.10945273631840796
silisocs_minitaur_q28_s2_random_ft_scrambled,silisocs,minitaur,True,scrambled,random,28,2,0.20625,0.6282266752854988,0.065625,0.09375,0.4557291666666667,0.27354393992573023,6,0,640.0,78.0,416.0,3569.75,,,,
silisocs_minitaur_q29_s1_barabasi_albert_base_normal,silisocs,minitaur,False,normal,barabasi_albert,29,1,0.0,0.0,0.0,0.0,0.2864583333333333,2.66329497689973,6,0,640.0,12.0,518.0,1553.18,0.0,0.0,,1.0
silisocs_minitaur_q29_s1_barabasi_albert_ft_normal,silisocs,minitaur,True,normal,barabasi_albert,29,1,0.1,0.3583333333333333,0.04375,-0.0625,0.453125,1.2317978837676264,6,0,640.0,31.0,512.0,3467.74,0.043734375,0.00022097086912079586,0.07071067811864704,1.0
silisocs_minitaur_q29_s1_cycle_base_normal,silisocs,minitaur,False,normal,cycle,29,1,0.0,0.0,0.0,0.0,0.4140625,2.5591468792796754,6,0,640.0,17.0,538.0,1314.95,0.0,0.0,,1.0
silisocs_minitaur_q29_s1_cycle_ft_normal,silisocs,minitaur,True,normal,cycle,29,1,0.05625,0.31333333333333335,0.003125,-0.09375,0.4505208333333333,1.4714591744586112,6,0,640.0,40.0,465.0,3597.95,0.0155625,0.003270182789598608,-3.803304218822159,0.0
silisocs_minitaur_q29_s1_random_base_normal,silisocs,minitaur,False,normal,random,29,1,0.0,0.0,0.0,0.0,0.09375,2.364023390272147,6,0,640.0,17.0,529.0,1550.28,0.0,0.0,,1.0
silisocs_minitaur_q29_s1_random_base_scrambled,silisocs,minitaur,False,scrambled,random,29,1,0.0,0.0,0.0,0.0,0.8098958333333334,2.725343163741248,6,0,640.0,33.0,480.0,1833.83,,,,
silisocs_minitaur_q29_s1_random_ft_normal,silisocs,minitaur,True,normal,random,29,1,0.196875,0.5866666666666667,0.059375,-0.140625,0.7239583333333334,1.30693679408508,6,0,640.0,24.0,506.0,3559.26,0.056546874999999996,0.005773254776375255,0.48986665400130536,0.7860696517412935
silisocs_minitaur_q29_s1_random_ft_scrambled,silisocs,minitaur,True,scrambled,random,29,1,0.0,0.0,0.0,0.0,0.5494791666666666,2.1287040930320322,6,0,640.0,67.0,387.0,3319.11,,,,
silisocs_minitaur_q29_s2_barabasi_albert_base_normal,silisocs,minitaur,False,normal,barabasi_albert,29,2,0.0,0.0,0.0,0.0,0.1796875,2.5402742276201025,6,0,640.0,16.0,528.0,1605.66,0.0,0.0,,1.0
silisocs_minitaur_q29_s2_barabasi_albert_ft_normal,silisocs,minitaur,True,normal,barabasi_albert,29,2,0.11875,0.21333333333333332,0.025,-0.34375,0.359375,1.015065799097556,6,0,640.0,37.0,509.0,4214.18,0.024765625,0.002076615792612016,0.11286392063175037,1.0
silisocs_minitaur_q29_s2_cycle_base_normal,silisocs,minitaur,False,normal,cycle,29,2,0.0,0.0,0.0,0.0,0.4869791666666667,2.5691506724251667,6,0,640.0,10.0,525.0,1452.84,0.0,0.0,,1.0
silisocs_minitaur_q29_s2_cycle_ft_normal,silisocs,minitaur,True,normal,cycle,29,2,0.065625,0.2833333333333333,0.0125,-0.140625,0.4635416666666667,1.2629141128093881,6,0,640.0,58.0,491.0,3507.87,0.0153125,0.0032254581693164225,-0.8719691443389754,0.6069651741293532
silisocs_minitaur_q29_s2_random_base_normal,silisocs,minitaur,False,normal,random,29,2,0.0,0.0,0.0,0.0,0.2265625,2.5720932152350238,6,0,640.0,15.0,526.0,1644.83,0.0,0.0,,1.0
silisocs_minitaur_q29_s2_random_base_scrambled,silisocs,minitaur,False,scrambled,random,29,2,0.0,0.0,0.0,0.0,0.8046875,2.754355274414896,6,0,640.0,40.0,471.0,1846.48,,,,
silisocs_minitaur_q29_s2_random_ft_normal,silisocs,minitaur,True,normal,random,29,2,0.084375,0.3538095238095238,0.034375,-0.078125,0.3255208333333333,1.1805484983349288,6,0,640.0,13.0,532.0,3506.07,0.03437499999999999,1.3912612926078192e-17,0.9974968671630001,1.0
silisocs_minitaur_q29_s2_random_ft_scrambled,silisocs,minitaur,True,scrambled,random,29,2,0.0,0.0,0.0,0.0,0.546875,2.126456241819066,6,0,640.0,47.0,456.0,3602.27,,,,
silisocs_qwen_q28_s1_barabasi_albert_ft_normal,silisocs,qwen,True,normal,barabasi_albert,28,1,0.221875,0.3758241758241758,0.06875,-0.328125,0.8046875,1.1684046702030173,6,0,640.0,204.0,166.0,8860.05,0.070671875,0.0067095315542714164,-0.2864395203233655,0.9154228855721394
silisocs_qwen_q28_s1_random_base_normal,silisocs,qwen,False,normal,random,28,1,0.025,0.36666666666666664,0.0125,0.0,0.9765625,8.909063981999557,6,0,640.0,23.0,598.0,3830.91,0.0125,0.0,,1.0
silisocs_qwen_q28_s1_random_base_scrambled,silisocs,qwen,False,scrambled,random,28,1,0.0375,0.3333333333333333,0.015625,-0.03125,0.9765625,7.677686229361967,6,0,640.0,248.0,298.0,7465.22,,,,
silisocs_qwen_q28_s1_random_ft_normal,silisocs,qwen,True,normal,random,28,1,0.0625,0.38666666666666666,0.028125,-0.03125,0.9713541666666666,2.1177995665530034,6,0,640.0,78.0,306.0,4085.33,0.028125000000000008,6.956306463039096e-18,-0.9974968671630001,1.0
silisocs_qwen_q28_s1_random_ft_scrambled,silisocs,qwen,True,scrambled,random,28,1,0.04375,0.27999999999999997,0.0125,-0.09375,0.9427083333333334,1.2655996686468522,6,0,640.0,289.0,95.0,6911.91,,,,
silisocs_qwen_q28_s2_barabasi_albert_base_normal,silisocs,qwen,False,normal,barabasi_albert,28,2,0.11875,0.52,0.059375,0.0,0.921875,7.011612170042839,6,0,640.0,1.0,637.0,862.95,0.058734375,0.0015121439684373321,0.42365344396541055,1.0
silisocs_qwen_q28_s2_barabasi_albert_ft_normal,silisocs,qwen,True,normal,barabasi_albert,28,2,0.03125,0.6,0.015625,0.0,0.9895833333333334,2.3133084930268524,6,0,640.0,61.0,370.0,2328.22,0.015625,0.0,,1.0
silisocs_qwen_q28_s2_cycle_base_normal,silisocs,qwen,False,normal,cycle,28,2,0.0625,0.6,0.015625,0.0,0.953125,7.432805901868421,6,0,640.0,1.0,627.0,713.27,0.025906250000000002,0.004019205425049051,-2.558030484315075,0.05970149253731343
silisocs_qwen_q28_s2_cycle_ft_normal,silisocs,qwen,True,normal,cycle,28,2,0.05,0.6,0.015625,-0.0625,0.9296875,2.0690777191436305,6,0,640.0,106.0,374.0,2232.26,0.015296875000000001,0.003075894013010096,0.10667630243829261,1.0
silisocs_qwen_q28_s2_random_base_normal,silisocs,qwen,False,normal,random,28,2,0.08125,0.4892857142857142,0.040625,0.0,0.9401041666666666,7.199565482972505,6,0,640.0,248.0,387.0,2510.61,0.04062500000000001,6.956306463039096e-18,-0.9974968671630001,1.0
silisocs_qwen_q28_s2_random_base_scrambled,silisocs,qwen,False,scrambled,random,28,2,0.015625,0.4,0.00625,-0.015625,0.9973958333333334,7.734923276740106,6,0,640.0,160.0,420.0,829.38,,,,
silisocs_qwen_q28_s2_random_ft_normal,silisocs,qwen,True,normal,random,28,2,0.06875,0.7,0.034375,0.0,0.9713541666666666,2.7001407694357717,6,0,640.0,75.0,285.0,4093.11,0.03437499999999999,1.3912612926078192e-17,0.9974968671630001,1.0
silisocs_qwen_q28_s2_random_ft_scrambled,silisocs,qwen,True,scrambled,random,28,2,0.01875,0.1,0.003125,-0.0625,0.9739583333333334,1.3290240402663283,6,0,640.0,306.0,160.0,2189.98,,,,
silisocs_qwen_q29_s1_barabasi_albert_base_normal,silisocs,qwen,False,normal,barabasi_albert,29,1,0.01875,0.2,0.01875,0.09375,0.984375,7.487785880480039,6,0,640.0,5.0,592.0,1009.92,0.018749999999999996,3.478153231519548e-18,0.9974968671630001,1.0
silisocs_qwen_q29_s1_barabasi_albert_ft_normal,silisocs,qwen,True,normal,barabasi_albert,29,1,0.128125,0.4333333333333334,0.065625,0.203125,0.8125,1.5975695997175876,6,0,640.0,76.0,304.0,2095.11,0.065234375,0.008805111237451488,0.044363437265679144,1.0
silisocs_qwen_q29_s1_cycle_base_normal,silisocs,qwen,False,normal,cycle,29,1,0.025,0.37142857142857144,0.015625,0.09375,0.9817708333333334,6.912500579557214,6,0,640.0,26.0,533.0,837.97,0.019265625,0.0035689312596427617,-1.0200882939853586,0.7661691542288557
silisocs_qwen_q29_s1_cycle_ft_normal,silisocs,qwen,True,normal,cycle,29,1,0.15,0.47900584795321643,0.05625,0.125,0.734375,1.6936674856250609,6,0,640.0,113.0,364.0,2116.92,0.04454687500000001,0.009434991783736265,1.2403958867429503,0.2885572139303483
silisocs_qwen_q29_s1_random_base_normal,silisocs,qwen,False,normal,random,29,1,0.025,0.2,0.01875,0.0625,0.96875,6.691196332242581,6,0,640.0,583.0,32.0,1753.01,0.018749999999999996,3.478153231519548e-18,0.9974968671630001,1.0
silisocs_qwen_q29_s1_random_base_scrambled,silisocs,qwen,False,scrambled,random,29,1,0.240625,0.46909184726522196,0.084375,-0.171875,0.609375,5.35840577532647,6,0,640.0,248.0,307.0,997.58,,,,
silisocs_qwen_q29_s1_random_ft_normal,silisocs,qwen,True,normal,random,29,1,0.1420673076923077,0.4083333333333334,0.06802884615384616,0.07211538461538458,0.7795698924731183,1.5186700296220297,6,12,640.0,92.0,282.0,3119.36,0.06841706730769231,0.0062207395729689825,-0.06240755609398791,1.0
silisocs_qwen_q29_s1_random_ft_scrambled,silisocs,qwen,True,scrambled,random,29,1,0.175,0.7363174603174604,0.075,0.34375,0.3046875,1.7090612986083613,6,0,640.0,257.0,194.0,2513.64,,,,
silisocs_qwen_q29_s2_barabasi_albert_ft_normal,silisocs,qwen,True,normal,barabasi_albert,29,2,0.19921875,0.506578947368421,0.109375,0.109375,0.784375,1.5574007600991195,5,0,,,,,0.1087890625,0.005337192972690083,0.10978383262478643,1.0
silisocs_qwen_q29_s2_random_base_normal,silisocs,qwen,False,normal,random,29,2,0.01875,0.36,0.015625,0.0625,0.9869791666666666,6.662750044893298,6,0,640.0,58.0,331.0,3897.3,0.015625,0.0,,1.0
silisocs_qwen_q29_s2_random_base_scrambled,silisocs,qwen,False,scrambled,random,29,2,0.225,0.5845490620490621,0.071875,-0.1875,0.6067708333333334,5.5940512360066315,6,0,640.0,355.0,195.0,7511.5,,,,
silisocs_qwen_q29_s2_random_ft_normal,silisocs,qwen,True,normal,random,29,2,0.140625,0.48496732026143796,0.071875,0.015625,0.7578125,1.3364942521809648,6,0,640.0,55.0,308.0,3819.77,0.07009375000000001,0.0034248425027060283,0.520096909154972,1.0
silisocs_qwen_q29_s2_random_ft_scrambled,silisocs,qwen,True,scrambled,random,29,2,0.15625,0.8416666666666668,0.075,0.3125,0.2708333333333333,1.7046575580221581,6,0,640.0,333.0,82.0,7795.76,,,,
