metric,parameter,eta_squared,ss_total,ss_parameter,ss_residual,n_observations,n_steps_total,n_steps_used,n_levels,n_singleton_levels,singleton_level_fraction,sigma2_estimate,sigma_estimate,noise_repeated_groups,noise_df
consensus,base_model,0.34211215484075,5.993253921376878,2.0503650135500187,3.942888907826859,506,11,11,2,0,0.0,0.001384793808965972,0.03721281780470235,33,33
consensus,add_survey_to_context,0.2784309164126446,5.993253921376878,1.66870718162264,4.324546739754238,506,11,11,2,0,0.0,0.001384793808965972,0.03721281780470235,33,33
consensus,num_agents,0.17780590199426372,5.993253921376878,1.0656359193710738,4.927618002005803,506,11,11,8,0,0.0,0.001384793808965972,0.03721281780470235,33,33
consensus,graph_type,0.055166876130959594,5.993253921376878,0.3306290967019861,5.662624824674893,506,11,11,2,0,0.0,0.001384793808965972,0.03721281780470235,33,33
consensus,proportions,0.05039598604845079,5.993253921376878,0.30203594100653214,5.691217980370345,506,11,11,4,0,0.0,0.001384793808965972,0.03721281780470235,33,33
consensus,num_news_agents,0.021351078231250317,5.993253921376878,0.12796243333506546,5.865291488041811,506,11,11,2,0,0.0,0.001384793808965972,0.03721281780470235,33,33
consensus,homophily,0.0052671775829846775,5.993253921376878,0.0315675327038113,5.961686388673067,506,11,11,2,0,0.0,0.001384793808965972,0.03721281780470235,33,33
consensus_gain,add_survey_to_context,0.14856361873442164,1.590472434411892,0.23628634035357576,1.354186094058316,460,10,10,2,0,0.0,0.0016607622305552165,0.04075245060797223,30,30
consensus_gain,num_agents,0.14409326124500185,1.590472434411892,0.2291763599946868,1.361296074417205,460,10,10,8,0,0.0,0.0016607622305552165,0.04075245060797223,30,30
consensus_gain,base_model,0.05379135837337833,1.590472434411892,0.08555367270242954,1.5049187617094624,460,10,10,2,0,0.0,0.0016607622305552165,0.04075245060797223,30,30
consensus_gain,proportions,0.03922070515106696,1.590472434411892,0.06237945040096849,1.5280929840109236,460,10,10,4,0,0.0,0.0016607622305552165,0.04075245060797223,30,30
consensus_gain,num_news_agents,0.02503561528066268,1.590472434411892,0.039818455982435136,1.5506539784294566,460,10,10,2,0,0.0,0.0016607622305552165,0.04075245060797223,30,30
consensus_gain,homophily,0.017822796882923677,1.590472434411892,0.0283466671464123,1.5621257672654796,460,10,10,2,0,0.0,0.0016607622305552165,0.04075245060797223,30,30
consensus_gain,graph_type,0.0075971457397257134,1.590472434411892,0.012083050879243488,1.5783893835326486,460,10,10,2,0,0.0,0.0016607622305552165,0.04075245060797223,30,30
diversity,base_model,0.3009583795112893,34.7076385670497,10.445554659802804,24.262083907246886,506,11,11,2,0,0.0,0.014916416426439446,0.1221327819483346,33,33
diversity,add_survey_to_context,0.293316021188161,34.7076385670497,10.180306449323785,24.52733211772591,506,11,11,2,0,0.0,0.014916416426439446,0.1221327819483346,33,33
diversity,num_agents,0.20635768914234276,34.7076385670497,7.162188090284029,27.545450476765662,506,11,11,8,0,0.0,0.014916416426439446,0.1221327819483346,33,33
diversity,proportions,0.05119919254938674,34.7076385670497,1.7770030699288988,32.9306354971208,506,11,11,4,0,0.0,0.014916416426439446,0.1221327819483346,33,33
diversity,graph_type,0.04294799528544253,34.7076385670497,1.490623497546494,33.2170150695032,506,11,11,2,0,0.0,0.014916416426439446,0.1221327819483346,33,33
diversity,num_news_agents,0.018362795112805547,34.7076385670497,0.6373292558560415,34.07030931119365,506,11,11,2,0,0.0,0.014916416426439446,0.1221327819483346,33,33
diversity,homophily,0.008893614725730985,34.7076385670497,0.3086763654552619,34.39896220159443,506,11,11,2,0,0.0,0.014916416426439446,0.1221327819483346,33,33
echo_cross_cutting_edge_fraction,base_model,0.33388584133067767,8.249995777423273,2.7545567811195077,5.495438996303766,446,11,11,2,0,0.0,0.003002544748607,0.05479548109659226,33,33
echo_cross_cutting_edge_fraction,add_survey_to_context,0.288195814782357,8.249995777423273,2.377614255025505,5.8723815223977684,446,11,11,2,0,0.0,0.003002544748607,0.05479548109659226,33,33
echo_cross_cutting_edge_fraction,num_agents,0.1478188016571655,8.249995777423273,1.2195044894953835,7.030491287927891,446,11,11,8,2,0.25,0.003002544748607,0.05479548109659226,33,33
echo_cross_cutting_edge_fraction,proportions,0.06655848664397296,8.249995777423273,0.5491072337644602,7.700888543658813,446,11,11,4,0,0.0,0.003002544748607,0.05479548109659226,33,33
echo_cross_cutting_edge_fraction,graph_type,0.05851170375668268,8.249995777423273,0.48272130892247356,7.7672744685008,446,11,11,2,0,0.0,0.003002544748607,0.05479548109659226,33,33
echo_cross_cutting_edge_fraction,num_news_agents,0.018024863206865586,8.249995777423273,0.14870504534527318,8.101290732077999,446,11,11,2,0,0.0,0.003002544748607,0.05479548109659226,33,33
echo_cross_cutting_edge_fraction,homophily,0.017971562824436224,8.249995777423273,0.14826531741529592,8.101730460007978,446,11,11,2,0,0.0,0.003002544748607,0.05479548109659226,33,33
echo_mean_exposure_diversity,base_model,0.26866563165076185,6.067638715468258,1.6301659881198967,4.4374727273483625,446,11,10,2,0,0.0,0.0046807789659548725,0.0684162185885399,33,33
echo_mean_exposure_diversity,add_survey_to_context,0.18677240221987976,6.067638715468258,1.133267458690352,4.934371256777907,446,11,10,2,0,0.0,0.0046807789659548725,0.0684162185885399,33,33
echo_mean_exposure_diversity,num_agents,0.15578280069614384,6.067638715468258,0.9452337527079977,5.12240496276026,446,11,10,8,2,0.25,0.0046807789659548725,0.0684162185885399,33,33
echo_mean_exposure_diversity,graph_type,0.09347743769771455,6.067638715468258,0.5671873199974248,5.500451395470834,446,11,10,2,0,0.0,0.0046807789659548725,0.0684162185885399,33,33
echo_mean_exposure_diversity,proportions,0.05900631072575642,6.067638715468258,0.35802897541654954,5.709609740051709,446,11,10,4,0,0.0,0.0046807789659548725,0.0684162185885399,33,33
echo_mean_exposure_diversity,num_news_agents,0.03280296662584952,6.067638715468258,0.1990365502812177,5.868602165187042,446,11,10,2,0,0.0,0.0046807789659548725,0.0684162185885399,33,33
echo_mean_exposure_diversity,homophily,0.018071485196380972,6.067638715468258,0.10965124322357267,5.957987472244686,446,11,10,2,0,0.0,0.0046807789659548725,0.0684162185885399,33,33
echo_mean_local_agreement,base_model,0.3277058691759128,8.292519945230294,2.717507456310287,5.575012488920006,446,11,11,2,0,0.0,0.0028748869134734905,0.053617971926150754,33,33
echo_mean_local_agreement,add_survey_to_context,0.283406572907328,8.292519945230294,2.350154658443381,5.942365286786912,446,11,11,2,0,0.0,0.0028748869134734905,0.053617971926150754,33,33
echo_mean_local_agreement,num_agents,0.1696664119226316,8.292519945230294,1.4069621049040815,6.885557840326211,446,11,11,8,2,0.25,0.0028748869134734905,0.053617971926150754,33,33
echo_mean_local_agreement,proportions,0.0674806924818185,8.292519945230294,0.5595849883234318,7.7329349569068615,446,11,11,4,0,0.0,0.0028748869134734905,0.053617971926150754,33,33
echo_mean_local_agreement,graph_type,0.05985624299079238,8.292519945230294,0.49635908884769686,7.796160856382598,446,11,11,2,0,0.0,0.0028748869134734905,0.053617971926150754,33,33
echo_mean_local_agreement,num_news_agents,0.022624584467534858,8.292519945230294,0.18761481794958032,8.104905127280714,446,11,11,2,0,0.0,0.0028748869134734905,0.053617971926150754,33,33
echo_mean_local_agreement,homophily,0.022163243316296585,8.292519945230294,0.18378913725138146,8.108730807978912,446,11,11,2,0,0.0,0.0028748869134734905,0.053617971926150754,33,33
echo_mean_same_option_exposure_share,base_model,0.2977679341835641,6.5953549071775175,1.9638852059176817,4.631469701259838,446,11,10,2,0,0.0,0.0032734400142492887,0.05721398442906497,33,33
echo_mean_same_option_exposure_share,add_survey_to_context,0.21345726356135394,6.5953549071775175,1.4078264107020604,5.1875284964754576,446,11,10,2,0,0.0,0.0032734400142492887,0.05721398442906497,33,33
echo_mean_same_option_exposure_share,num_agents,0.1671750579161128,6.5953549071775175,1.1025788385847204,5.492776068592798,446,11,10,8,2,0.25,0.0032734400142492887,0.05721398442906497,33,33
echo_mean_same_option_exposure_share,graph_type,0.08284794123914621,6.5953549071775175,0.5464115758011576,6.048943331376362,446,11,10,2,0,0.0,0.0032734400142492887,0.05721398442906497,33,33
echo_mean_same_option_exposure_share,proportions,0.06414111764262241,6.5953549071775175,0.4230334349961201,6.172321472181398,446,11,10,4,0,0.0,0.0032734400142492887,0.05721398442906497,33,33
echo_mean_same_option_exposure_share,num_news_agents,0.025602186217883023,6.5953549071775175,0.1688555045065874,6.42649940267093,446,11,10,2,0,0.0,0.0032734400142492887,0.05721398442906497,33,33
echo_mean_same_option_exposure_share,homophily,0.02127296565208711,6.5953549071775175,0.1403027584037115,6.455052148773808,446,11,10,2,0,0.0,0.0032734400142492887,0.05721398442906497,33,33
echo_network_assortativity,base_model,0.10095050259452164,0.5724902782513049,0.057793181319946776,0.5146970969313581,446,11,11,2,0,0.0,0.00036662374176117934,0.019147421282281835,33,33
echo_network_assortativity,proportions,0.09626197697560653,0.5724902782513049,0.05510904598378569,0.5173812322675192,446,11,11,4,0,0.0,0.00036662374176117934,0.019147421282281835,33,33
echo_network_assortativity,num_agents,0.05824139776067479,0.5724902782513049,0.03334263400975364,0.5391476442415513,446,11,11,8,2,0.25,0.00036662374176117934,0.019147421282281835,33,33
echo_network_assortativity,homophily,0.026849088223020373,0.5724902782513049,0.015370841987590768,0.5571194362637141,446,11,11,2,0,0.0,0.00036662374176117934,0.019147421282281835,33,33
echo_network_assortativity,graph_type,0.026445989119764635,0.5724902782513049,0.01514007166980504,0.5573502065814998,446,11,11,2,0,0.0,0.00036662374176117934,0.019147421282281835,33,33
echo_network_assortativity,add_survey_to_context,0.025647592301935036,0.5724902782513049,0.014682997253410816,0.557807280997894,446,11,11,2,0,0.0,0.00036662374176117934,0.019147421282281835,33,33
echo_network_assortativity,num_news_agents,0.02448633988120735,0.5724902782513049,0.01401819153194842,0.5584720867193564,446,11,11,2,0,0.0,0.00036662374176117934,0.019147421282281835,33,33
majority_follow,base_model,0.17410630413728367,15.60189715324608,2.716388650881682,12.885508502364397,460,10,10,2,0,0.0,0.02359165415408975,0.15359574914068994,30,30
majority_follow,num_agents,0.16180963258633255,15.60189715324608,2.524537246016496,13.077359907229583,460,10,10,8,0,0.0,0.02359165415408975,0.15359574914068994,30,30
majority_follow,proportions,0.05406352594918371,15.60189715324608,0.8434935716010149,14.758403581645064,460,10,10,4,0,0.0,0.02359165415408975,0.15359574914068994,30,30
majority_follow,num_news_agents,0.03465775473935903,15.60189715324608,0.5407267250059065,15.061170428240173,460,10,10,2,0,0.0,0.02359165415408975,0.15359574914068994,30,30
majority_follow,add_survey_to_context,0.029437140951671648,15.60189715324608,0.4592752456135895,15.142621907632488,460,10,10,2,0,0.0,0.02359165415408975,0.15359574914068994,30,30
majority_follow,graph_type,0.0276045142073455,15.60189715324608,0.4306827916283247,15.171214361617755,460,10,10,2,0,0.0,0.02359165415408975,0.15359574914068994,30,30
majority_follow,homophily,0.024616552779756985,15.60189715324608,0.38406492473722237,15.217832228508856,460,10,10,2,0,0.0,0.02359165415408975,0.15359574914068994,30,30
moved_to_previous_majority_rate,num_agents,0.19101270507413615,13.852441479091869,2.6459923188025054,11.206449160289363,460,10,10,8,0,0.0,0.02359165415408975,0.15359574914068994,30,30
moved_to_previous_majority_rate,base_model,0.06552823644294588,13.852441479091869,0.9077260605540028,12.944715418537868,460,10,10,2,0,0.0,0.02359165415408975,0.15359574914068994,30,30
moved_to_previous_majority_rate,proportions,0.050191371076647985,13.852441479091869,0.6952730305946505,13.15716844849722,460,10,10,4,0,0.0,0.02359165415408975,0.15359574914068994,30,30
moved_to_previous_majority_rate,num_news_agents,0.04131167180625413,13.852441479091869,0.5722675160995848,13.280173962992285,460,10,10,2,0,0.0,0.02359165415408975,0.15359574914068994,30,30
moved_to_previous_majority_rate,graph_type,0.040249362595244864,13.852441479091869,0.5575519399213787,13.29488953917049,460,10,10,2,0,0.0,0.02359165415408975,0.15359574914068994,30,30
moved_to_previous_majority_rate,homophily,0.03297822905417236,13.852441479091869,0.4568289880570098,13.39561249103486,460,10,10,2,0,0.0,0.02359165415408975,0.15359574914068994,30,30
moved_to_previous_majority_rate,add_survey_to_context,0.023139993823757695,13.852441479091869,0.32054541027015077,13.531896068821718,460,10,10,2,0,0.0,0.02359165415408975,0.15359574914068994,30,30
neighbor_alignment_shift_rate,num_agents,0.5225395954818833,0.11873580728258407,0.06204416070665633,0.056691646575927734,70,10,10,4,0,0.0,,,0,0
neighbor_alignment_shift_rate,add_survey_to_context,0.5028120404515247,0.11873580728258407,0.0597017935344151,0.059034013748168954,70,10,10,2,0,0.0,,,0,0
neighbor_alignment_shift_rate,num_news_agents,0.26416542016813355,0.11873580728258407,0.03136589441980635,0.08736991286277772,70,10,10,2,0,0.0,,,0,0
neighbor_alignment_shift_rate,graph_type,0.2110130565731289,0.11873580728258407,0.025054805619376043,0.093681001663208,70,10,10,2,0,0.0,,,0,0
neighbor_alignment_shift_rate,homophily,0.14028253337267046,0.11873580728258407,0.01665655984765007,0.102079247434934,70,10,10,2,0,0.0,,,0,0
neighbor_alignment_shift_rate,proportions,0.11643983357517486,0.11873580728258407,0.013825577639398123,0.10491022964318594,70,10,10,2,0,0.0,,,0,0
neighbor_alignment_shift_rate,base_model,0.0,0.11873580728258407,0.0,0.11873580728258407,70,10,10,1,0,0.0,,,0,0
opinion_shift_rate,base_model,0.32231619390883004,4.060824740648491,1.3088695745366334,2.7519551661118573,460,10,10,2,0,0.0,0.0032580713431040447,0.05707951771961677,30,30
opinion_shift_rate,add_survey_to_context,0.2460346335370873,4.060824740648491,0.9991035269237891,3.061721213724701,460,10,10,2,0,0.0,0.0032580713431040447,0.05707951771961677,30,30
opinion_shift_rate,num_agents,0.17017974426053095,4.060824740648491,0.6910701158503971,3.3697546247980936,460,10,10,8,0,0.0,0.0032580713431040447,0.05707951771961677,30,30
opinion_shift_rate,proportions,0.05784812969870564,4.060824740648491,0.23491111628074662,3.825913624367744,460,10,10,4,0,0.0,0.0032580713431040447,0.05707951771961677,30,30
opinion_shift_rate,num_news_agents,0.01889978970920813,4.060824740648491,0.07674873364420613,3.984076007004285,460,10,10,2,0,0.0,0.0032580713431040447,0.05707951771961677,30,30
opinion_shift_rate,graph_type,0.017273760406670793,4.060824740648491,0.0701457136234431,3.990679027025048,460,10,10,2,0,0.0,0.0032580713431040447,0.05707951771961677,30,30
opinion_shift_rate,homophily,0.005429641332912592,4.060824740648491,0.022048821857539105,4.038775918790952,460,10,10,2,0,0.0,0.0032580713431040447,0.05707951771961677,30,30
vote_pct::Economic Growth,base_model,0.3464182136067334,66241.95774236707,22947.420666923525,43294.537075443535,506,11,11,2,0,0.0,13.84793808965972,3.721281780470235,33,33
vote_pct::Economic Growth,add_survey_to_context,0.2639745750669593,66241.95774236707,17486.192646644824,48755.76509572224,506,11,11,2,0,0.0,13.84793808965972,3.721281780470235,33,33
vote_pct::Economic Growth,num_agents,0.18310501579323563,66241.95774236707,12129.23471859097,54112.7230237761,506,11,11,8,0,0.0,13.84793808965972,3.721281780470235,33,33
vote_pct::Economic Growth,graph_type,0.05808051391494551,66241.95774236707,3847.366948408783,62394.590793958276,506,11,11,2,0,0.0,13.84793808965972,3.721281780470235,33,33
vote_pct::Economic Growth,proportions,0.052657756546880034,66241.95774236707,3488.1528839862804,62753.80485838078,506,11,11,4,0,0.0,13.84793808965972,3.721281780470235,33,33
vote_pct::Economic Growth,num_news_agents,0.022286824900246808,66241.95774236707,1476.3229132536833,64765.63482911339,506,11,11,2,0,0.0,13.84793808965972,3.721281780470235,33,33
vote_pct::Economic Growth,homophily,0.0028503605857108224,66241.95774236707,188.81346546916495,66053.1442768979,506,11,11,2,0,0.0,13.84793808965972,3.721281780470235,33,33
vote_pct::Environmental Protection,base_model,0.3464182136067336,66241.95774236707,22947.420666923535,43294.53707544354,506,11,11,2,0,0.0,13.84793808965972,3.721281780470235,33,33
vote_pct::Environmental Protection,add_survey_to_context,0.2639745750669592,66241.95774236707,17486.192646644817,48755.76509572225,506,11,11,2,0,0.0,13.84793808965972,3.721281780470235,33,33
vote_pct::Environmental Protection,num_agents,0.1831050157932356,66241.95774236707,12129.234718590968,54112.7230237761,506,11,11,8,0,0.0,13.84793808965972,3.721281780470235,33,33
vote_pct::Environmental Protection,graph_type,0.05808051391494547,66241.95774236707,3847.3669484087804,62394.59079395828,506,11,11,2,0,0.0,13.84793808965972,3.721281780470235,33,33
vote_pct::Environmental Protection,proportions,0.05265775654688004,66241.95774236707,3488.152883986281,62753.80485838078,506,11,11,4,0,0.0,13.84793808965972,3.721281780470235,33,33
vote_pct::Environmental Protection,num_news_agents,0.022286824900246846,66241.95774236707,1476.3229132536858,64765.634829113376,506,11,11,2,0,0.0,13.84793808965972,3.721281780470235,33,33
vote_pct::Environmental Protection,homophily,0.0028503605857108164,66241.95774236707,188.81346546916456,66053.1442768979,506,11,11,2,0,0.0,13.84793808965972,3.721281780470235,33,33
