stimulus_mode,margin_bin,n,flip_rate,flip_rate_ci95
none,"[0.0, 0.5)",37342,0.09180011782978952,"[0.08890313741944414, 0.09476037242411658]"
none,"[0.5, 1.0)",12042,0.2682278691247301,"[0.2603712922267926, 0.2761958438891761]"
none,"[1.0, 2.0)",26174,0.2802017269045618,"[0.27478556149178324, 0.28566649956586426]"
none,"[2.0, 4.0)",30412,0.26529001709851374,"[0.26035066623590314, 0.2702740401430367]"
none,"[4.0, 8.0)",16414,0.1246496892896308,"[0.11966265526712462, 0.1297690805161414]"
none,"[8.0, inf)",496,0.0,"[9.894896792342166e-07, 0.005049058779174307]"
normal,"[0.0, 0.5)",1268204,0.3212519436936013,"[0.32043965149962167, 0.3220650517671713]"
normal,"[0.5, 1.0)",888322,0.1550879073128888,"[0.15433626974899659, 0.15584179243811566]"
normal,"[1.0, 2.0)",1012680,0.0910603547023739,"[0.09050119304445185, 0.09162185390836014]"
normal,"[2.0, 4.0)",617588,0.08085649332564752,"[0.0801785529777854, 0.08153836226495792]"
normal,"[4.0, 8.0)",219798,0.05725256826722718,"[0.056287142450721694, 0.058229654181531275]"
normal,"[8.0, inf)",60736,0.05703371970495258,"[0.05521046154779296, 0.05889919438282501]"
scrambled,"[0.0, 0.5)",39800,0.21939698492462312,"[0.21535176742550088, 0.22348301228377554]"
scrambled,"[0.5, 1.0)",20514,0.1525787267232134,"[0.14770726754067756, 0.15754821219128873]"
scrambled,"[1.0, 2.0)",24264,0.1363336630398945,"[0.13205953456810876, 0.14069454409542634]"
scrambled,"[2.0, 4.0)",20946,0.10474553614055189,"[0.10065312956184533, 0.10894716471252702]"
scrambled,"[4.0, 8.0)",16494,0.04231841881896447,"[0.039326041970309096, 0.045471394988110175]"
scrambled,"[8.0, inf)",862,0.013921113689095127,"[0.007631978242688463, 0.023456213228469407]"
