assortativity_null_mean,assortativity_null_sd,assortativity_p_perm,assortativity_real,assortativity_real_mean,assortativity_real_sd,assortativity_z,cross_cutting_null_mean,cross_cutting_null_sd,cross_cutting_p_perm,cross_cutting_real,cross_cutting_real_mean,cross_cutting_real_sd,cross_cutting_z,file,graph_type,local_agreement_null_mean,local_agreement_null_sd,local_agreement_p_perm,local_agreement_real,local_agreement_real_mean,local_agreement_real_sd,local_agreement_z,n_runs,nasr_null_mean,nasr_null_sd,nasr_p_perm,nasr_real,nasr_real_mean,nasr_real_sd,nasr_z,row_type,same_option_exposure_null_mean,same_option_exposure_null_sd,same_option_exposure_p_perm,same_option_exposure_real,same_option_exposure_real_mean,same_option_exposure_real_sd,same_option_exposure_z
-0.0021806663749175006,0.062352570118615766,0.0,0.3236928517302351,,,5.226304504934287,0.48758823529411766,0.030349158113456478,0.0,0.32941176470588235,,,-5.211889898128727,/home/aurelienbk/social-sim/tmp/visualizer_randomized_network_59239653_0.json,cycle,0.5124117647058823,0.030349158113456478,0.0,0.6705882352941176,,,5.211889898128725,,0.126851953125,0.0038087638181177707,0.26973026973026976,0.122265625,,,-1.2041513582920156,run,0.5134455232658566,0.007823989472751418,0.4255744255744256,0.5197782819257817,,,0.8094027582705966
-0.0035961700921647785,0.02536208374526824,0.0979020979020979,0.03804759739275425,,,1.6419694810245404,0.48756280701754384,0.01249983042145454,0.13986013986013987,0.4687719298245614,,,-1.5032905695048502,/home/aurelienbk/social-sim/tmp/visualizer_randomized_network_59239654_1.json,stochastic_block,0.5122640271426857,0.01635620624183533,0.053946053946053944,0.5437073766342059,,,1.922410920149409,,0.098431640625,0.003933696257376519,0.13586413586413587,0.104296875,,,1.4910237067748775,run,0.51575901824276,0.008495461358033527,0.5734265734265734,0.5203895503824915,,,0.5450595258552572
-0.004349424754073645,0.06141220699439828,0.0,0.3236928517302351,,,5.3416461081464,0.4886392156862745,0.02988159446632819,0.0,0.32941176470588235,,,-5.328612941314634,/home/aurelienbk/social-sim/tmp/visualizer_randomized_network_59239680_2.json,cycle,0.5113607843137254,0.02988159446632819,0.0,0.6705882352941176,,,5.328612941314634,,0.126888671875,0.0037653228955597134,0.22977022977022976,0.122265625,,,-1.227795597676831,run,0.5139435581910202,0.007890760174729842,0.44155844155844154,0.5197782819257817,,,0.7394374693387795
-0.00343409675035943,0.02680848580236112,0.03196803196803197,0.05191647567909172,,,2.0646661224177096,0.5009699140401146,0.013395192572084028,0.04595404595404595,0.47421203438395415,,,-1.9975733467187806,/home/aurelienbk/social-sim/tmp/visualizer_randomized_network_59239771_3.json,stochastic_block,0.4986410750518038,0.016888900918258173,0.28771228771228774,0.5167654320488327,,,1.0731519525604638,,0.10031484375,0.0040958723235703315,0.8771228771228772,0.099609375,,,-0.17223895040386494,run,0.5018094523568426,0.0039887256536680574,0.8331668331668332,0.5007367873213074,,,-0.2689242451530175
-0.0017414952260028738,0.06193932072102107,0.0,0.3236928517302351,,,5.254083240951519,0.4873921568627451,0.030152985776922606,0.0,0.32941176470588235,,,-5.23929515059076,/home/aurelienbk/social-sim/tmp/visualizer_randomized_network_59239793_75.json,cycle,0.5126078431372549,0.03015298577692261,0.0,0.6705882352941176,,,5.239295150590756,,0.1268921875,0.003769699129899821,0.2517482517482518,0.122265625,,,-1.2273028537752164,run,0.5140869563724828,0.008071015065847701,0.44155844155844154,0.5197782819257817,,,0.7051561057519986
-0.0026024150819979664,0.0017731263536192774,0.5674325674325674,-0.002354318147593636,,,0.13992061755662197,0.4426470588235294,0.0,1.0,0.4426470588235294,,,nan,/home/aurelienbk/social-sim/tmp/visualizer_randomized_network_59239794_75.json,fully_connected,0.5573534009313852,0.010410356172916092,0.3916083916083916,0.5662468569628173,,,0.8542893138055732,,0.11625,0.002462292959232478,0.061938061938061936,0.11015625,,,-2.4748273665614073,run,0.5575819389515354,0.01487347930163313,0.4875124875124875,0.5465446251368302,,,-0.7420801542711847
-0.002085762010936488,0.023147224048061577,0.1258741258741259,-0.03578044262454933,,,-1.4556683144229792,0.4825722891566265,0.01155054684258412,0.0979020979020979,0.5012048192771085,,,1.6131296963177781,/home/aurelienbk/social-sim/tmp/visualizer_randomized_network_59239836_0.json,random,0.5167532649075534,0.01602852076916674,0.3876123876123876,0.5030679727085494,,,-0.8538088071938396,,0.093141796875,0.004108724891883191,0.44155844155844154,0.08984375,,,-0.80269352701499,run,0.5198011199218266,0.009539024782694921,0.6993006993006993,0.5154509495603752,,,-0.4560393185415833
-0.00270802296426103,0.02931375956170081,0.10989010989010989,0.043266773746075786,,,1.5683691685321757,0.4811182572614108,0.017752720344748795,0.0959040959040959,0.4512448132780083,,,-1.6827530318326087,/home/aurelienbk/social-sim/tmp/visualizer_randomized_network_59239837_1.json,barabasi_albert,0.5192202986188241,0.025897729240656957,0.5434565434565435,0.5349121634982485,,,0.6059166320570568,,0.068737109375,0.004288209006600194,0.9110889110889111,0.06796875,,,-0.17917955347264553,run,0.5203124198962502,0.009128340927592928,0.23376623376623376,0.509443305147162,,,-1.1906999130842442
-0.0026834362304729658,0.023688482595094536,0.5754245754245755,0.010612420361436871,,,0.561279370197531,0.4941668711656442,0.011828973414024434,0.8611388611388612,0.4920245398773006,,,-0.1811088091383839,/home/aurelienbk/social-sim/tmp/visualizer_randomized_network_59239840_2.json,random,0.5057692338303842,0.01631772726190404,0.2077922077922078,0.5261762173133239,,,1.2506020694795263,,0.09590390625,0.004075337451440868,0.5374625374625375,0.0984375,,,0.6216893153484065,run,0.5085127800828986,0.00660248443474144,0.6073926073926074,0.5110513000337684,,,0.38447950554983096
-0.003188822699521125,0.025387077618400603,0.4015984015984016,0.017245194302309478,,,0.8048983545479055,0.49975108628181253,0.012691318515546878,0.6153846153846154,0.4928615766604593,,,-0.5428521562132059,/home/aurelienbk/social-sim/tmp/visualizer_randomized_network_59239884_3.json,random,0.4995272808780718,0.016997477637015066,0.7952047952047953,0.5042937283236344,,,0.2804208687518904,,0.097932421875,0.00411734780973577,0.07792207792207792,0.090625,,,-1.7747885805811847,run,0.5031391170137737,0.004648195307138545,0.6433566433566433,0.5008042447443677,,,-0.5023180213232791
-0.005475294244728692,0.06257039221803913,0.973026973026973,-0.012745912995289573,,,-0.11619902789205709,0.5022470588235294,0.0312510333365305,0.973026973026973,0.5058823529411764,,,0.11632556525411397,/home/aurelienbk/social-sim/tmp/visualizer_randomized_network_59239885_4.json,cycle,0.49775294117647056,0.0312510333365305,0.973026973026973,0.49411764705882355,,,-0.1163255652541122,,0.118532421875,0.0035177912347570377,0.8271728271728271,0.11953125,,,0.28393615719182647,run,0.5010165868225855,0.003331034400945798,0.33166833166833165,0.5038485270136445,,,0.8501684012194038
-0.0037706701322146132,0.01630067863596836,0.6873126873126874,0.0023201524302135052,,,0.37365453908086854,0.4847702074945804,0.010795032915071237,0.7412587412587412,0.4883864973676061,,,0.33499572455929266,/home/aurelienbk/social-sim/tmp/visualizer_randomized_network_59239886_5.json,powerlaw_cluster,0.5153588543445774,0.016574198174443992,0.16583416583416583,0.5387591298116553,,,1.4118496243853982,,0.08956484375,0.003955910170249037,0.8471528471528471,0.088671875,,,-0.2257302900140893,run,0.5177353144558126,0.008759153349103672,0.6093906093906094,0.5218543018837698,,,0.4702494937343164
-0.0033607509244195375,0.024282252573036733,0.9270729270729271,-0.005769309189938829,,,-0.09919006724251685,0.39906002400960383,0.011824158530271063,0.40559440559440557,0.4087635054021609,,,0.8206487901625427,/home/aurelienbk/social-sim/tmp/visualizer_randomized_network_59239888_6.json,random,0.6005497209659317,0.017055132413169673,0.1038961038961039,0.5731594790636416,,,-1.6059823658208512,,0.0931390625,0.004083726046147376,0.7712287712287712,0.091796875,,,-0.32866737014992137,run,0.601747994437516,0.01782514595929965,0.27372627372627373,0.6217313989806134,,,1.121079434004392
-0.0027249347646967734,0.001729066957947435,0.14185814185814186,-6.621451552136653e-05,,,1.5376618221491882,0.47962622549019607,0.0,1.0,0.47962622549019607,,,nan,/home/aurelienbk/social-sim/tmp/visualizer_randomized_network_59239889_7.json,fully_connected,0.5201240763552827,0.006632559330113489,0.08191808191808192,0.5339209520053303,,,2.0801737253078647,,0.115593359375,0.0026978061702979577,0.7232767232767233,0.11484375,,,-0.27785887038623364,run,0.5222931195284893,0.010597431769743426,0.21178821178821178,0.5360125002171862,,,1.2945948590928256
-0.0031085932823657386,0.015910219456554308,0.8931068931068931,-0.0011394837633135824,,,0.12376381887309355,0.501656346749226,0.0079296714921129,0.965034965034965,0.5012383900928793,,,-0.0527079408979816,/home/aurelienbk/social-sim/tmp/visualizer_randomized_network_59239891_8.json,powerlaw_cluster,0.49719272208266607,0.016851408868263175,0.9230769230769231,0.49866035523280344,,,0.08709260819737236,,0.091035546875,0.0037935442186975785,0.5994005994005994,0.093359375,,,0.6125744135382258,run,0.5004154237591196,0.003385422512727482,0.6953046953046953,0.49902416796708565,,,-0.4109548473797742
-0.002615969153863757,0.0019254414384073772,0.8231768231768232,-0.0029446840201717227,,,-0.17072181981284318,0.4796267735965453,0.00023456079728010636,0.5914085914085914,0.479487970388649,,,-0.5917579131118692,/home/aurelienbk/social-sim/tmp/visualizer_randomized_network_59239896_9.json,forest_fire,0.5205893856264838,0.007234110044258138,0.4115884115884116,0.5256906458006434,,,0.7051676215802865,,0.125701171875,0.002779032335129317,0.45354645354645357,0.128125,,,0.8721842111589576,run,0.5222716984328603,0.009691305376353584,0.5394605394605395,0.528128047502176,,,0.6042889829480584
-0.003336105754293457,0.026447339855468228,0.0,0.08231228648746715,,,3.2384501696510704,0.4884435933147632,0.012994533018541952,0.003996003996003996,0.45125348189415043,,,-2.8619813707461494,/home/aurelienbk/social-sim/tmp/visualizer_randomized_network_59239915_10.json,stochastic_block,0.5110594734581305,0.015973373985724793,0.053946053946053944,0.5425432943602608,,,1.9710188298519156,,0.09970078125,0.004232158715475935,0.3156843156843157,0.0953125,,,-1.0368895745693953,run,0.5137965413241584,0.00797198653043591,0.5574425574425574,0.5178795888926299,,,0.512174418870748
-0.0025509898490728923,0.0019435670759708043,0.6873126873126874,-0.002619419545268807,,,-0.03520830180853646,0.47249987654320985,0.0002524738500927596,0.7372627372627373,0.4725925925925926,,,0.3672303066187021,/home/aurelienbk/social-sim/tmp/visualizer_randomized_network_59239917_11.json,forest_fire,0.5275444999504169,0.00789563344178711,0.25374625374625376,0.5365909626442054,,,1.1457551519439477,,0.1124765625,0.0014153097662868886,0.991008991008991,0.1125,,,0.016559978994202758,run,0.5287415088180393,0.010247059484601561,0.27172827172827174,0.5400937912575987,,,1.1078575718837889
-0.001136666783570692,0.02385874322855409,0.03396603396603397,0.04888671319837043,,,2.096647736334798,0.4901246882793017,0.01181215606229006,0.061938061938061936,0.4682044887780549,,,-1.8557322969365775,/home/aurelienbk/social-sim/tmp/visualizer_randomized_network_59239921_12.json,random,0.5097050900938155,0.015182294860854584,0.1038961038961039,0.5349561721314602,,,1.6631927036769039,,0.090695703125,0.004330464207002407,0.8231768231768232,0.089453125,,,-0.28693878198802386,run,0.5114128777692208,0.007144220652414137,0.03796203796203796,0.5278916263653106,,,2.3065844964518787
-0.0027857128915205398,0.015878574072205432,0.9330669330669331,-0.001927186562072051,,,0.054068225871194045,0.4739652093596059,0.011461757338773153,0.33966033966033965,0.4852216748768473,,,0.9820889750616796,/home/aurelienbk/social-sim/tmp/visualizer_randomized_network_59239951_13.json,powerlaw_cluster,0.5259414983275877,0.016608746711074686,0.8491508491508492,0.5290395385191324,,,0.18653064228373867,,0.08995234375,0.003948499851320824,0.06393606393606394,0.082421875,,,-1.9071720991659535,run,0.5272745113852175,0.011040229021040054,0.7792207792207793,0.5227921048224902,,,-0.4060066647335809
-0.003070148358013861,0.0320044220984249,0.3036963036963037,0.030342551676593207,,,1.0440026047604054,0.49160506863780357,0.0169172299073035,0.45354645354645357,0.4783526927138332,,,-0.7833655980669195,/home/aurelienbk/social-sim/tmp/visualizer_randomized_network_59239956_14.json,barabasi_albert,0.5084278203102633,0.02541864929650995,0.41358641358641357,0.5298836587562678,,,0.8440982916016057,,0.070710546875,0.004517834454253154,1.0,0.070703125,,,-0.001642794811352488,run,0.5103144890930995,0.006811383062258766,0.7712287712287712,0.5074279261187539,,,-0.42378514729847094
-0.002754629871247822,0.023883129936871778,0.7952047952047953,-0.009640798855094656,,,-0.2883277443973404,0.49685886075949365,0.011937712053472362,0.6873126873126874,0.5018987341772152,,,0.4221808496591763,/home/aurelienbk/social-sim/tmp/visualizer_randomized_network_59239957_15.json,random,0.5028330412743512,0.016666715107160224,0.27372627372627373,0.4854535639380245,,,-1.0427656094547562,,0.09002265625,0.003911139254373723,0.5514485514485514,0.092578125,,,0.6533821947511291,run,0.5053341046063675,0.005546481363408877,0.5774225774225774,0.5080326417653728,,,0.4865313668604358
-0.0031847037438346125,0.016504483328520742,0.5094905094905094,0.007149686526652855,,,0.6261565457568138,0.497479025293029,0.008964887997019161,0.8071928071928072,0.49537322640345466,,,-0.23489405447949066,/home/aurelienbk/social-sim/tmp/visualizer_randomized_network_59239958_16.json,powerlaw_cluster,0.5019016792636234,0.01751065171051996,0.33766233766233766,0.5184503948552635,,,0.9450656586184059,,0.09160078125,0.004337790132631845,0.6533466533466533,0.089453125,,,-0.4951037704299835,run,0.5044981704475899,0.005362533463007372,0.9230769230769231,0.5043554196535079,,,-0.02662002858662542
-0.0027090550138730166,0.001783784260594054,0.8911088911088911,-0.0030250404656849287,,,-0.17714331199821182,0.46003166316569877,0.00029371437534779027,0.8211788211788211,0.459934511306067,,,-0.3307698491663326,/home/aurelienbk/social-sim/tmp/visualizer_randomized_network_59239959_17.json,forest_fire,0.5396959241863588,0.008987850252110935,0.981018981018981,0.5384361619823367,,,-0.14016279407039026,,0.1096328125,0.0023271512452082534,1.0,0.11015625,,,0.22492629178176154,run,0.5410503061259051,0.012405114988395284,0.4115884115884116,0.5514683559515261,,,0.8398188840141232
-0.0027453568045222457,0.001649140381566161,0.3016983016983017,-0.004042047524497139,,,-0.7862828019185657,0.4705992773093672,0.00027063037735541813,0.055944055944055944,0.47113870100991384,,,1.9932119439727045,/home/aurelienbk/social-sim/tmp/visualizer_randomized_network_59239960_18.json,forest_fire,0.5295634950671022,0.007831902257664263,0.4115884115884116,0.5228389641240662,,,-0.8586076181499137,,0.10606953125,0.0019892936430748642,0.1978021978021978,0.103125,,,-1.4801893427099209,run,0.5310429265169626,0.010712738677794263,0.5354645354645354,0.5377382220793828,,,0.6249844940489824
-0.0029052891580337845,0.024363220793639548,0.2137862137862138,-0.031904256976598204,,,-1.1902764443252558,0.494328029375765,0.012129566911787563,0.17582417582417584,0.511015911872705,,,1.3758020066423542,/home/aurelienbk/social-sim/tmp/visualizer_randomized_network_59239962_19.json,random,0.5060112739742045,0.01645680614440467,0.6253746253746254,0.4982404710125446,,,-0.47219386881469827,,0.102426171875,0.004217828821377303,0.14185814185814186,0.09609375,,,-1.5013463426740457,run,0.5083078316506733,0.006514527407434906,0.6913086913086913,0.5053540899436593,,,-0.4534084396733005
-0.004547018860132741,0.030316608731684198,0.8431568431568431,0.002107578924210858,,,0.21950337002531586,0.48030176899063476,0.018322328568441425,0.5694305694305695,0.4911550468262227,,,0.5923525383275644,/home/aurelienbk/social-sim/tmp/visualizer_randomized_network_59239968_20.json,barabasi_albert,0.5186741750605235,0.025614213640064214,0.14385614385614387,0.5560011462762016,,,1.4572757040369753,,0.06942890625,0.0041767601768114525,0.9330669330669331,0.069921875,,,0.11802658738628428,run,0.5222101855684816,0.009694964397033854,0.5554445554445554,0.5273283727290451,,,0.5279222234306855
-0.003682599683950194,0.03183142516724871,0.46153846153846156,0.018728091285069803,,,0.7040429654427887,0.4997520661157025,0.016117219076161156,0.6533466533466533,0.49173553719008267,,,-0.49738908975165613,/home/aurelienbk/social-sim/tmp/visualizer_randomized_network_59239969_21.json,barabasi_albert,0.5012313309909592,0.026461434076609593,0.8431568431568431,0.5054592414577471,,,0.15977631652719745,,0.073710546875,0.00431339741234638,0.10589410589410589,0.066796875,,,-1.602836746554066,run,0.5027982209937388,0.004490357831814807,0.6853146853146853,0.5006147109370062,,,-0.4862663819934801
-0.0023473974457848663,0.062470025023743235,0.9070929070929071,-0.012745912995289573,,,-0.16645608106531892,0.500686274509804,0.031205608703301572,0.9070929070929071,0.5058823529411764,,,0.16651104231857966,/home/aurelienbk/social-sim/tmp/visualizer_randomized_network_59239970_22.json,cycle,0.4993137254901961,0.031205608703301572,0.9070929070929071,0.49411764705882355,,,-0.16651104231858144,,0.11883515625,0.0036322020853290027,0.8971028971028971,0.11953125,,,0.19164510499336648,run,0.5011219111782886,0.0034161356276434444,0.4035964035964036,0.5038485270136445,,,0.7981579575740473
-0.004055885771059196,0.026456476139397573,0.4075924075924076,0.018497021061887758,,,0.852453165497818,0.478535192563081,0.013352857619024792,0.7292707292707292,0.47343957503320055,,,-0.38161251136388746,/home/aurelienbk/social-sim/tmp/visualizer_randomized_network_59239972_23.json,stochastic_block,0.521890729465427,0.01675227159020534,0.22377622377622378,0.501294930427995,,,-1.2294332100891863,,0.10160078125,0.00409583562871206,0.2757242757242757,0.096875,,,-1.1538014897062698,run,0.5243650945379577,0.009644228330219589,0.5194805194805194,0.517989946596354,,,-0.6610324562336962
-0.0020272328274427874,0.024570022652346056,0.8571428571428571,0.002513802853281541,,,0.18482016663060463,0.48947970479704794,0.012166433928867848,0.9250749250749251,0.4907749077490775,,,0.10645707358475641,/home/aurelienbk/social-sim/tmp/visualizer_randomized_network_59240009_24.json,random,0.5108406232614017,0.016109391699879957,0.3336663336663337,0.4951656633737009,,,-0.9730323887907943,,0.09681171875,0.0041608295232630705,0.26573426573426573,0.091796875,,,-1.2052509534366067,run,0.51237869441972,0.007534294434286192,0.9330669330669331,0.5123241692837839,,,-0.00723692661756634
-0.0026192099899750255,0.0018782942482731117,0.1798201798201798,-6.621451552136653e-05,,,1.3592095470668997,0.47962622549019607,0.0,1.0,0.47962622549019607,,,nan,/home/aurelienbk/social-sim/tmp/visualizer_randomized_network_59240011_25.json,fully_connected,0.5201729952575849,0.0072442924375884,0.11388611388611389,0.5339209520053303,,,1.8977639108564306,,0.115648046875,0.002640208980559946,0.7032967032967034,0.11484375,,,-0.304633792598274,run,0.5225598992227579,0.010212985504068966,0.21978021978021978,0.5360125002171862,,,1.3172055310436481
-0.002557644151987213,0.0019206172443895363,0.18981018981018982,-6.621451552136653e-05,,,1.297202575757223,0.47962622549019607,0.0,1.0,0.47962622549019607,,,nan,/home/aurelienbk/social-sim/tmp/visualizer_randomized_network_59240014_26.json,fully_connected,0.5207154251398649,0.007368538129799529,0.11788211788211789,0.5339209520053303,,,1.792150170474135,,0.115740625,0.0027214797192002494,0.6433566433566433,0.11484375,,,-0.32955417366239514,run,0.5225761076669962,0.010345315672129488,0.2097902097902098,0.5360125002171862,,,1.2987900008104978
-0.005641062225764665,0.06117739611159581,0.0,0.3236928517302351,,,5.38326138227999,0.489278431372549,0.029762831542122548,0.0,0.32941176470588235,,,-5.371352737067761,/home/aurelienbk/social-sim/tmp/visualizer_randomized_network_59240039_27.json,cycle,0.510721568627451,0.02976283154212255,0.0,0.6705882352941176,,,5.371352737067759,,0.126833984375,0.0036672201027938135,0.25574425574425574,0.122265625,,,-1.2457281665530933,run,0.51331777827968,0.007565792187666682,0.4015984015984016,0.5197782819257817,,,0.853909740824401
-0.0026008225232834374,0.001963769732593946,0.015984015984015984,-0.004910431313500435,,,-1.176109781041503,0.4959564128721135,0.00027045288333617045,0.03996003996003996,0.49655321648273515,,,2.206682373875164,/home/aurelienbk/social-sim/tmp/visualizer_randomized_network_59240055_28.json,forest_fire,0.5042189860526114,0.004841085054196646,0.8191808191808192,0.5023519593057082,,,-0.38566286813835454,,0.11371640625,0.0016381394206549367,0.6673326673326674,0.11484375,,,0.6881854717526287,run,0.506307676516186,0.0058369111421886525,0.33166833166833165,0.5007573667811648,,,-0.9508984460812017
-0.0032840464942179345,0.025715789303902014,0.9630369630369631,-0.002820095192600915,,,0.0180414956793343,0.500051867219917,0.012878382875025234,1.0,0.5,,,-0.0040274637289746396,/home/aurelienbk/social-sim/tmp/visualizer_randomized_network_59240129_29.json,stochastic_block,0.49970439754315116,0.016473250668469063,0.15584415584415584,0.5230938554106346,,,1.4198447129959877,,0.09933828125,0.004174437535327789,0.6933066933066933,0.09765625,,,-0.40293602090464997,run,0.5025894992626408,0.004186869568990278,0.3876123876123876,0.5059976770555339,,,0.8140157549056325
-0.004200800388058882,0.02492537341545285,0.0,0.09447376179875135,,,3.9587997556592467,0.5024892086330935,0.012440014496158266,0.0,0.45323741007194246,,,-3.9591431807704933,/home/aurelienbk/social-sim/tmp/visualizer_randomized_network_59240130_30.json,stochastic_block,0.4973097615656319,0.015757272150272145,0.013986013986013986,0.536403699008741,,,2.4810092172225304,,0.106178125,0.004208287921030213,0.003996003996003996,0.09375,,,-2.9532496904245855,run,0.500761075448477,0.0035581624353831984,0.04195804195804196,0.5081040756662192,,,2.0637057332519833
-0.001799522722752996,0.02525391097044644,0.33166833166833165,0.022767407045308805,,,0.9727970371326413,0.4924868514570007,0.01270910770085105,0.5534465534465535,0.48471926083866385,,,-0.6111830036515251,/home/aurelienbk/social-sim/tmp/visualizer_randomized_network_59240135_31.json,stochastic_block,0.507982936893039,0.01583833714496102,0.08191808191808192,0.535390618451843,,,1.7304645877881062,,0.09894375,0.004167553396636187,0.995004995004995,0.09921875,,,0.06598595718580641,run,0.5092791629853151,0.006650066489736396,0.987012987012987,0.508580494795872,,,-0.1050618351743398
-0.0026169509842626695,0.0019113464955934198,0.5454545454545454,-0.002354318147593636,,,0.137407234781621,0.4426470588235294,0.0,1.0,0.4426470588235294,,,nan,/home/aurelienbk/social-sim/tmp/visualizer_randomized_network_59240138_32.json,fully_connected,0.5573406512446168,0.010351332711974942,0.35364635364635366,0.5662468569628173,,,0.8603921800230899,,0.11636015625,0.002450854886171662,0.04795204795204795,0.11015625,,,-2.531323370063237,run,0.5585289409338013,0.015056740425571783,0.43956043956043955,0.5465446251368302,,,-0.7959435746542742
-0.002548581873668585,0.03227716506491753,0.8631368631368631,-0.00954217299672681,,,-0.21667302902817973,0.47068410041841,0.020121274999478293,0.2917082917082917,0.49267782426778245,,,1.0930581610729282,/home/aurelienbk/social-sim/tmp/visualizer_randomized_network_59240139_33.json,barabasi_albert,0.528547585339017,0.025209808250153846,0.955044955044955,0.5257236746337093,,,-0.1120163500367167,,0.06964140625,0.0043275398903846116,0.981018981018981,0.069921875,,,0.0648102055912122,run,0.5314092313566188,0.011137751720530064,0.3516483516483517,0.5207711849611221,,,-0.9551340937047231
-0.0035238701708411083,0.025280132434999863,0.04395604395604396,0.05014990355787802,,,2.1231603064867177,0.4899897048730268,0.012722773995901085,0.06393606393606394,0.4653397391901167,,,-1.937467858098527,/home/aurelienbk/social-sim/tmp/visualizer_randomized_network_59240161_34.json,stochastic_block,0.5101581746888733,0.01667761137431879,0.029970029970029972,0.5457608120321593,,,2.134756383525592,,0.102843359375,0.00417500088432243,0.5574425574425574,0.10546875,,,0.6288359446482086,run,0.5132427599584407,0.007918331815462726,0.23376623376623376,0.5228011028123944,,,1.2071157254724334
-0.0031326039474537824,0.015430508423976976,0.12387612387612387,-0.02609054196631063,,,-1.4878277104066926,0.4604319581280788,0.013496665411432648,0.13586413586413587,0.4812192118226601,,,1.5401770037933211,/home/aurelienbk/social-sim/tmp/visualizer_randomized_network_59240162_35.json,powerlaw_cluster,0.5392991653036118,0.017095017043426985,0.8891108891108891,0.5416971579623366,,,0.1402743649002031,,0.09862421875,0.004068580185588395,0.8771228771228772,0.09765625,,,-0.23791315541198294,run,0.542286203711056,0.013331251084472686,0.913086913086913,0.5435170254812526,,,0.0923260512008657
-0.0045210998142520935,0.02530804140622378,0.17782217782217782,0.029843401527545537,,,1.3578491037772158,0.48788851351351353,0.012354146969913403,0.37162837162837165,0.47702702702702704,,,-0.8791773736331573,/home/aurelienbk/social-sim/tmp/visualizer_randomized_network_59240183_36.json,stochastic_block,0.5123647574550569,0.016009975113664244,0.987012987012987,0.5123547261294369,,,-0.0006265672213001013,,0.109107421875,0.004344822865386021,0.25774225774225773,0.1140625,,,1.1404557282359447,run,0.5149267639560826,0.008325364051565417,0.9230769230769231,0.515099177911968,,,0.020709479467506262
-0.0036794822265431306,0.02600649065202432,0.2897102897102897,-0.03129400324558468,,,-1.0618318860677214,0.4899863309352518,0.012947928610963515,0.17782217782217782,0.5071942446043165,,,1.3290090010609188,/home/aurelienbk/social-sim/tmp/visualizer_randomized_network_59240219_37.json,stochastic_block,0.5100562832081418,0.015721854355643036,0.15584415584415584,0.4872531537663117,,,-1.4504096607182595,,0.093084375,0.004108420661430468,1.0,0.09296875,,,-0.028143418001343595,run,0.5132330903148664,0.00787362685542882,0.7812187812187812,0.5106082437478052,,,-0.3333719790456381
-0.0036781744627599404,0.03199850228516723,0.23376623376623376,0.035782353099079234,,,1.2331992044556077,0.4761625,0.01884201184319732,0.6773226773226774,0.46770833333333334,,,-0.4486870477007436,/home/aurelienbk/social-sim/tmp/visualizer_randomized_network_59240248_38.json,barabasi_albert,0.5244761797015398,0.026240059219946682,0.11388611388611389,0.5639955447897621,,,1.5060699656569827,,0.070641015625,0.004190239086891618,0.00999000999000999,0.06015625,,,-2.502187919968488,run,0.5264205404229418,0.01049102304434076,0.5934065934065934,0.5313913628427134,,,0.47381674778161686
-0.0024273296994224178,0.016242346070885396,0.971028971028971,-0.002817713182352313,,,-0.024034919661616017,0.47975851393188856,0.01109156658726467,0.7872127872127872,0.48297213622291024,,,0.2897356532765676,/home/aurelienbk/social-sim/tmp/visualizer_randomized_network_59240249_39.json,powerlaw_cluster,0.5203586134543446,0.017165156047619323,0.5754245754245755,0.5110062978329613,,,-0.544843029416006,,0.08778359375,0.004202272774868868,0.7192807192807192,0.089453125,,,0.3972924508814382,run,0.5229408580246969,0.009576244943825262,0.919080919080919,0.5212577273931895,,,-0.17576102547300207
-0.002919415409303899,0.024928797556636788,0.1838161838161838,0.029971217027400583,,,1.3193830292848607,0.4897663551401869,0.01233870709302955,0.3076923076923077,0.47725856697819313,,,-1.0137033051914928,/home/aurelienbk/social-sim/tmp/visualizer_randomized_network_59240286_40.json,random,0.5108717815360044,0.016876306735226172,0.43156843156843155,0.5238761730516591,,,0.7705709382794297,,0.100210546875,0.004217792608127922,0.25574425574425574,0.0953125,,,-1.1612820567709272,run,0.5131078416359937,0.007598715636234251,0.27972027972027974,0.5214740975828066,,,1.101009216204737
-0.0013944892655494343,0.03076143679124061,0.6493506493506493,-0.016639344262295,,,-0.49558332077279865,0.4847271762208068,0.017197441438971693,0.2917082917082917,0.5031847133757962,,,1.0732722783496236,/home/aurelienbk/social-sim/tmp/visualizer_randomized_network_59240310_41.json,barabasi_albert,0.5156218793738487,0.026372040802688918,0.9690309690309691,0.5155262562127884,,,-0.003625929512843259,,0.068724609375,0.004441116536200057,0.981018981018981,0.06875,,,0.005717171525009146,run,0.5165141026271136,0.008403777419265745,0.8551448551448552,0.513967500470846,,,-0.3030306526716726
-0.0019434161134096622,0.025337773333686957,0.4435564435564436,-0.020953163516844647,,,-0.750253274156543,0.4923953323903819,0.012528060504124286,0.47352647352647353,0.5021216407355021,,,0.7763618591974623,/home/aurelienbk/social-sim/tmp/visualizer_randomized_network_59240333_42.json,stochastic_block,0.5068156748003335,0.016326017900659375,0.4695304695304695,0.5185644884446627,,,0.7196374349102431,,0.107461328125,0.004227925982758454,0.5814185814185814,0.11015625,,,0.6374098993194119,run,0.5094716620515265,0.006657670887777212,0.44155844155844154,0.5041870188769152,,,-0.7937675598103469
-0.002589993877452409,0.0018939547539529597,0.4095904095904096,-0.003866248738421733,,,-0.6738571015519743,0.47059311047319197,0.00025806570482235166,0.6333666333666333,0.4707225977713986,,,0.501760969345953,/home/aurelienbk/social-sim/tmp/visualizer_randomized_network_59240334_43.json,forest_fire,0.5293637923590433,0.008124637441349824,0.9210789210789211,0.5272709432511832,,,-0.25759292312647647,,0.118784375,0.0019481628030164873,0.7492507492507493,0.119921875,,,0.5838834404592483,run,0.5316960440645598,0.011077570972212172,0.3336663336663337,0.5425009996650833,,,0.975390329488964
-0.0028149602748687454,0.02478026746494855,0.3996003996003996,0.017878010653958845,,,0.8350584172708223,0.496034398034398,0.01232246297909298,0.5594405594405595,0.4883292383292383,,,-0.6252938002924217,/home/aurelienbk/social-sim/tmp/visualizer_randomized_network_59240335_44.json,random,0.5040246841102408,0.01658846506662765,0.3956043956043956,0.5179789981260569,,,0.8412058595999369,,0.094402734375,0.004324685045897006,0.955044955044955,0.094140625,,,-0.0606077372613927,run,0.5066699620220404,0.006650628687453957,0.4115884115884116,0.5009611930242914,,,-0.8583803526000853
-0.004007736143515713,0.06340994224150635,0.0,0.3236928517302351,,,5.167968559656679,0.488521568627451,0.03083223084421553,0.0,0.32941176470588235,,,-5.160502486034656,/home/aurelienbk/social-sim/tmp/visualizer_randomized_network_59240336_45.json,cycle,0.511478431372549,0.03083223084421553,0.0,0.6705882352941176,,,5.1605024860346544,,0.12681328125,0.0038958318748642303,0.26173826173826176,0.122265625,,,-1.1673132712274643,run,0.5142980261358362,0.008037464695296502,0.4855144855144855,0.5197782819257817,,,0.6818388630873259
-0.0025370753883976883,0.0018515913535729987,0.5974025974025974,-0.002354318147593636,,,0.09870279446454937,0.4426470588235294,0.0,1.0,0.4426470588235294,,,nan,/home/aurelienbk/social-sim/tmp/visualizer_randomized_network_59240387_46.json,fully_connected,0.5571412403053941,0.010371384142358388,0.42157842157842157,0.5662468569628173,,,0.8779557802930433,,0.116359375,0.0024805741219598816,0.059940059940059943,0.11015625,,,-2.500681170977856,run,0.5594257352387013,0.01521734244366363,0.4175824175824176,0.5465446251368302,,,-0.846475667453661
-0.003717990354279154,0.03184634997313764,0.25774225774225773,0.03137801608579094,,,1.1020417243945861,0.49757720207253886,0.016499585520190197,0.4775224775224775,0.48497409326424873,,,-0.7638439640115791,/home/aurelienbk/social-sim/tmp/visualizer_randomized_network_59240388_47.json,barabasi_albert,0.5027473354453358,0.0258583124951643,0.4115884115884116,0.5249291145395134,,,0.8578200568318518,,0.069502734375,0.004368066382691698,0.5454545454545454,0.066796875,,,-0.6194638858332974,run,0.5049359679232218,0.005496253954404019,0.24175824175824176,0.5114394808916307,,,1.1832628227081439
-0.0032234045815969087,0.03263267126559458,0.6093906093906094,0.014155766083205611,,,0.532569660735246,0.5016194968553459,0.01638436514822448,0.6673326673326674,0.4937106918238994,,,-0.4827043928707596,/home/aurelienbk/social-sim/tmp/visualizer_randomized_network_59240389_48.json,barabasi_albert,0.4990146275408779,0.026824715763460964,0.011988011988011988,0.5614318362889336,,,2.3268544315044224,,0.070761328125,0.004469673997682344,0.9370629370629371,0.069921875,,,-0.18781081694890525,run,0.5008715558330106,0.003181970663589176,0.4275724275724276,0.49836234317039974,,,-0.7885719033564297
-0.003216480343853139,0.016505878730909498,0.7592407592407593,0.0014802006063350322,,,0.2845459503705791,0.48849089787102745,0.010521571747369046,0.27372627372627373,0.5001542733724159,,,1.1085202649789399,/home/aurelienbk/social-sim/tmp/visualizer_randomized_network_59240390_49.json,powerlaw_cluster,0.512116193239622,0.016886982880559287,0.02197802197802198,0.5487162721615515,,,2.1673545346021776,,0.0836,0.004041048471440275,0.44155844155844154,0.080078125,,,-0.8715250571455675,run,0.514066454924367,0.007936551345676267,0.06393606393606394,0.5308907134330765,,,2.1198449774882566
-0.004097199294442472,0.016307109340461756,0.8791208791208791,-0.002372072330938703,,,0.1057898691599084,0.48877808727948,0.0102867214882889,0.5654345654345654,0.4948932219127205,,,0.5944687663802666,/home/aurelienbk/social-sim/tmp/visualizer_randomized_network_59240391_50.json,powerlaw_cluster,0.5106786221298371,0.017427986057775936,0.41358641358641357,0.5245865503469485,,,0.7980226843770066,,0.094580859375,0.0039564249530976165,0.6673326673326674,0.092578125,,,-0.5061979940835228,run,0.5130693111709548,0.007935625644525532,0.13986013986013987,0.5255915911145874,,,1.5779826953242506
-0.002786909584844802,0.032225593153379986,0.003996003996003996,0.08593014362950739,,,2.752999853008046,0.48950955414012737,0.01815076838234923,0.1998001998001998,0.46602972399150744,,,-1.2935997889462885,/home/aurelienbk/social-sim/tmp/visualizer_randomized_network_59240405_51.json,barabasi_albert,0.5108451518536007,0.02595406898310845,0.025974025974025976,0.5718930751185027,,,2.3521523081653806,,0.063508984375,0.004378394779202937,0.07392607392607392,0.055859375,,,-1.747126460897288,run,0.512718685007027,0.0076176827255322955,0.961038961038961,0.5117729842484237,,,-0.12414546426744998
-0.002630123134962299,0.0018533228798932788,0.057942057942057944,-0.004513342342024481,,,-1.0161312027673368,0.47619917306920917,0.0002600063712639874,0.3676323676323676,0.4764417291493104,,,0.9328851401681169,/home/aurelienbk/social-sim/tmp/visualizer_randomized_network_59240423_52.json,forest_fire,0.5239816179960829,0.00753362229443423,0.22377622377622378,0.5161430882527308,,,-1.0404728876762401,,0.111786328125,0.003606980049066181,0.8531468531468531,0.1109375,,,-0.23532930968657875,run,0.5261114932008623,0.010877480948825693,0.6593406593406593,0.5304679429609879,,,0.40050171364316894
-0.003580891260504892,0.03203647277511631,0.13786213786213786,0.04263793263144882,,,1.4426939013040556,0.5020168067226891,0.016006342289054443,0.15184815184815184,0.4789915966386555,,,-1.4385054166796667,/home/aurelienbk/social-sim/tmp/visualizer_randomized_network_59240426_53.json,barabasi_albert,0.49791993413851326,0.02652293999498825,0.029970029970029972,0.5562264821577272,,,2.198344076117937,,0.065526171875,0.004399898854963432,0.3036963036963037,0.0609375,,,-1.04290394535402,run,0.500269222109302,0.0031235603220080106,0.5634365634365635,0.5021006786372987,,,0.5863362122679565
-0.0017324170979632868,0.023146409358692947,0.23576423576423577,0.025370200165423233,,,1.1709210203356126,0.4774891640866873,0.011479510193596304,0.6273726273726273,0.4712074303405573,,,-0.5472126981196624,/home/aurelienbk/social-sim/tmp/visualizer_randomized_network_59240449_54.json,random,0.5230896800929185,0.01667764977096338,0.6633366633366633,0.5157874350971473,,,-0.4378461651404096,,0.11160390625,0.004082372981822876,0.6433566433566433,0.109375,,,-0.5459830005549214,run,0.525323164260146,0.010341841611142115,0.4275724275724276,0.5334623470920467,,,0.7870148410638601
-0.0031596369904916596,0.01569826574833522,0.993006993006993,-0.0030179088316866155,,,0.00902826854106952,0.4910663186981885,0.009695472329781823,0.3856143856143856,0.49984648449493396,,,0.9055944360518878,/home/aurelienbk/social-sim/tmp/visualizer_randomized_network_59240450_55.json,powerlaw_cluster,0.5089480116620524,0.017095548010493556,0.36163836163836166,0.524617544744934,,,0.9165855972129947,,0.084209375,0.003787738336765299,0.8051948051948052,0.083203125,,,-0.2656598504265557,run,0.5111864790400275,0.007115612965374216,0.15384615384615385,0.5221654172364215,,,1.5429363921027526
-0.0026710865368701603,0.001828931546686914,0.5254745254745254,-0.002354318147593636,,,0.17319860322292888,0.4426470588235294,0.0,1.0,0.4426470588235294,,,nan,/home/aurelienbk/social-sim/tmp/visualizer_randomized_network_59240473_56.json,fully_connected,0.5572604419215968,0.01038186606873538,0.36163836163836166,0.5662468569628173,,,0.8655876488604212,,0.11643515625,0.002334363895537492,0.04595404595404595,0.11015625,,,-2.6897718312055527,run,0.5596243545209025,0.015113598333750802,0.4075924075924076,0.5465446251368302,,,-0.8654278812520397
-0.0027523147433365603,0.016461457982093617,0.42157842157842157,-0.016700512041062824,,,-0.8473245391081872,0.49080831265508684,0.010297609093283332,0.23576423576423577,0.5024813895781638,,,1.1335715715496306,/home/aurelienbk/social-sim/tmp/visualizer_randomized_network_59240577_57.json,powerlaw_cluster,0.5097960559782759,0.01705878894704305,0.17582417582417584,0.5327134423627348,,,1.3434357184207564,,0.09835859375,0.004356959239146612,0.35364635364635366,0.094140625,,,-0.9680991991162533,run,0.5112930461687291,0.0074953588135837496,0.42357642357642356,0.5050250640185019,,,-0.8362484446865679
-0.00353455776600024,0.02498590125237619,0.04195804195804196,0.04840141878069226,,,2.0786112945096717,0.49016043119847813,0.012425858290545362,0.07592407592407592,0.4679771718452758,,,-1.7852496652147725,/home/aurelienbk/social-sim/tmp/visualizer_randomized_network_59240644_58.json,random,0.5093556598753067,0.01664901279846654,0.16183816183816183,0.532663969607115,,,1.3999814892301075,,0.10295625,0.004312033475657998,0.16983016983016982,0.108984375,,,1.3979773195244336,run,0.5125769770363731,0.007640396007305513,0.46553446553446554,0.5180931623248355,,,0.7219763587107291
-0.0016867887170939108,0.023709469489164834,0.00999000999000999,0.0587065515792728,,,2.5472244465008513,0.49372239550842173,0.011774543692762679,0.013986013986013986,0.4647535870243294,,,-2.4602913913256996,/home/aurelienbk/social-sim/tmp/visualizer_randomized_network_59240645_59.json,random,0.5063940815655065,0.01642582828049128,0.0,0.5600950127997276,,,3.269298224552912,,0.10047734375,0.004277060182570356,0.7292707292707292,0.098828125,,,-0.3855963394484856,run,0.5089779843703264,0.006630361592045068,0.44955044955044954,0.5136589654758147,,,0.7059918287268722
-0.0025127271407015413,0.0018770142231674806,0.1938061938061938,-6.621451552136653e-05,,,1.3034065458767061,0.47962622549019607,0.0,1.0,0.47962622549019607,,,nan,/home/aurelienbk/social-sim/tmp/visualizer_randomized_network_59240718_60.json,fully_connected,0.5205565987237009,0.0074340930741593324,0.11988011988011989,0.5339209520053303,,,1.7977113211137346,,0.115612890625,0.002765728976273332,0.7132867132867133,0.11484375,,,-0.2780968893186296,run,0.5228408247594665,0.010541045163466005,0.23976023976023977,0.5360125002171862,,,1.24956067007199
-0.003675857557985833,0.06245424242254633,0.9410589410589411,-0.012745912995289573,,,-0.1452272109224945,0.5013529411764706,0.03119564221364832,0.9410589410589411,0.5058823529411764,,,0.14519373358898963,/home/aurelienbk/social-sim/tmp/visualizer_randomized_network_59240719_61.json,cycle,0.4986470588235294,0.03119564221364832,0.9410589410589411,0.49411764705882355,,,-0.14519373358898785,,0.118638671875,0.003382884078652668,0.8291708291708292,0.11953125,,,0.26385122997046256,run,0.5008861249169348,0.0032830330264329577,0.33166833166833165,0.5038485270136445,,,0.9023369770752168
-0.0025083517314033743,0.023975300839518474,0.14785214785214784,0.03404377234395042,,,1.5245741573805385,0.4843682266009852,0.012023361018554437,0.26173826173826176,0.47044334975369456,,,-1.1581517701915298,/home/aurelienbk/social-sim/tmp/visualizer_randomized_network_59240722_62.json,random,0.5158399684687803,0.016639894042752377,0.10989010989010989,0.5425007780174189,,,1.6022223146457408,,0.09051796875,0.004149050642911989,0.8511488511488512,0.089453125,,,-0.2566475663099276,run,0.5179184971161103,0.008733082809617324,0.9150849150849151,0.5164999490572156,,,-0.16243382661303202
-0.005204724872691633,0.0647192989722274,0.9410589410589411,-0.012745912995289573,,,-0.11652147415617162,0.5021137254901961,0.03233034182678283,0.9410589410589411,0.5058823529411764,,,0.11656627298194583,/home/aurelienbk/social-sim/tmp/visualizer_randomized_network_59240723_63.json,cycle,0.49788627450980394,0.032330341826782835,0.9410589410589411,0.49411764705882355,,,-0.11656627298194581,,0.11853046875,0.003549074911116544,0.8011988011988012,0.11953125,,,0.28198369295201825,run,0.5009587137615641,0.0033221063956364737,0.3516483516483517,0.5038485270136445,,,0.8698737812479734
-0.0035594698585909535,0.02536070487003969,0.3076923076923077,-0.029919729392753332,,,-1.0394135206117054,0.49225986394557825,0.012557164431907854,0.26973026973026976,0.5061224489795918,,,1.1039582311105693,/home/aurelienbk/social-sim/tmp/visualizer_randomized_network_59240728_64.json,stochastic_block,0.5081475264707246,0.016811163447335426,0.7332667332667333,0.5020871481424649,,,-0.36049725810144606,,0.1015953125,0.004273634568957843,0.7592407592407593,0.103125,,,0.3579359618417288,run,0.5105085236366141,0.007043287299354687,0.3436563436563437,0.5171166048135624,,,0.9382098012037164
-0.0016101422491944007,0.02468895154750315,0.2017982017982018,0.02968716201811083,,,1.267664372344333,0.4776406633906634,0.012101272193536555,0.5654345654345654,0.4705159705159705,,,-0.5887556911990053,/home/aurelienbk/social-sim/tmp/visualizer_randomized_network_59240768_65.json,random,0.5225001610014868,0.017016466059072578,0.2517482517482518,0.5413192049978774,,,1.1059313920446499,,0.098765234375,0.004232841402032741,0.005994005994005994,0.08671875,,,-2.845956942590598,run,0.5244690231228527,0.0098567313478323,0.5954045954045954,0.5294181469200723,,,0.5021059844862246
-0.004042464077439906,0.030131629188862197,0.1938061938061938,0.03533676150504267,,,1.3069066174834862,0.49703441084462985,0.015369020536301105,0.3936063936063936,0.48383733055265904,,,-0.8586806336031468,/home/aurelienbk/social-sim/tmp/visualizer_randomized_network_59240783_66.json,barabasi_albert,0.5028822355474134,0.024553703014654316,0.40559440559440557,0.5232713374642172,,,0.830388064262038,,0.079760546875,0.004422561874055377,0.35764235764235763,0.083984375,,,0.9550636588667673,run,0.5054791840462131,0.005512842375701154,0.5674325674325674,0.507851107746772,,,0.43025422076524866
-0.002937212619446423,0.02494824249494373,0.03996003996003996,0.05008725638151521,,,2.125378932472222,0.4958842177808408,0.012585766490368739,0.1018981018981019,0.4741557546519642,,,-1.7264314529833618,/home/aurelienbk/social-sim/tmp/visualizer_randomized_network_59240784_67.json,stochastic_block,0.5044429980553619,0.015577344345769389,0.25774225774225773,0.5228069067756795,,,1.1788857145797824,,0.09341640625,0.004132336090854507,0.04595404595404595,0.084765625,,,-2.093436027419335,run,0.5064145324292727,0.005988303164602779,0.5534465534465535,0.5092738190502307,,,0.4774786015944282
-0.0025217526289558864,0.00198432885833954,0.5134865134865135,-0.002126605520690078,,,0.19913388176819755,0.4828049964222381,0.0004379045098716873,0.8591408591408591,0.4828734094515135,,,0.15622819069721589,/home/aurelienbk/social-sim/tmp/visualizer_randomized_network_59240818_68.json,forest_fire,0.5173288534831959,0.006659951554282825,0.13986013986013987,0.5092141000792976,,,-1.2184403051220345,,0.107404296875,0.0015304488759180777,0.7132867132867133,0.10703125,,,-0.2437499748406973,run,0.5195813713861233,0.009000392874550364,0.9210789210789211,0.5182660832989822,,,-0.14613674152605322
-0.0025493642940697552,0.0018269526921213908,0.6093906093906094,-0.002354318147593636,,,0.10676037059812364,0.4426470588235294,0.0,1.0,0.4426470588235294,,,nan,/home/aurelienbk/social-sim/tmp/visualizer_randomized_network_59240819_69.json,fully_connected,0.557483574612565,0.010667923272163973,0.3916083916083916,0.5662468569628173,,,0.8214609466791408,,0.116430859375,0.0023344459123208518,0.053946053946053944,0.11015625,,,-2.687836690446999,run,0.5590654947092913,0.015409147727588486,0.44155844155844154,0.5465446251368302,,,-0.8125608108775414
-0.0034151248017328184,0.015486963738728227,0.34565434565434566,0.011114784564674155,,,0.9382025819607269,0.4921594827586207,0.009459874339442148,0.945054945054945,0.49107142857142855,,,-0.11501782668038257,/home/aurelienbk/social-sim/tmp/visualizer_randomized_network_59240858_70.json,powerlaw_cluster,0.5080642160888786,0.017737521563837174,0.11188811188811189,0.5357141642170541,,,1.5588394369903116,,0.09408203125,0.004223239588602561,0.7352647352647352,0.092578125,,,-0.3561025176167279,run,0.5102684388289555,0.0068949585589553,0.44555444555444557,0.5045423882940315,,,-0.830469173376948
-0.0029791378189851147,0.01580993274123251,0.6273726273726273,0.004579096546699938,,,0.47806872359254754,0.48305603448275863,0.010735253482989626,0.33966033966033965,0.4932266009852217,,,0.9473988218888982,/home/aurelienbk/social-sim/tmp/visualizer_randomized_network_59240859_71.json,powerlaw_cluster,0.5170456163014712,0.01643034286643306,0.6693306693306693,0.524425941339011,,,0.44918874167974404,,0.093496484375,0.0042623768515394995,0.0899100899100899,0.10078125,,,1.7090853011668532,run,0.5196437078136351,0.009733423300667777,0.6353646353646354,0.5238169444685257,,,0.4287532275108434
-0.0026098785565283125,0.0018855649604931173,0.7732267732267732,-0.0034772151163143445,,,-0.4599876312716398,0.4685870014497671,0.00022258665616193578,0.6213786213786214,0.4687066226595515,,,0.5374141102930454,/home/aurelienbk/social-sim/tmp/visualizer_randomized_network_59240911_72.json,forest_fire,0.5313843068171248,0.008191965694400475,0.7092907092907093,0.5336024492033341,,,0.27077046815827205,,0.116451171875,0.0031953671700723513,0.3956043956043956,0.113671875,,,-0.8697895193487449,run,0.5331377720371112,0.011393826682056353,0.35564435564435565,0.5226125580041253,,,-0.92376462506329
-0.0045581848680436455,0.031194829600619017,0.5534465534465535,0.013706453455168452,,,0.5855021026577321,0.491629132231405,0.01716177345826468,0.7992007992007992,0.4865702479338843,,,-0.2947763125893279,/home/aurelienbk/social-sim/tmp/visualizer_randomized_network_59240913_73.json,barabasi_albert,0.5088495318791062,0.025249322011623172,0.12787212787212787,0.5469239313085142,,,1.5079374967724293,,0.069212890625,0.004405307255899878,0.43156843156843155,0.065625,,,-0.8144473056209309,run,0.5116011387206004,0.007672320309495752,0.37962037962037964,0.504418629776313,,,-0.9361586397009354
-0.002727394892956593,0.001857269003803936,0.13986013986013987,-8.981939065939444e-06,,,1.4636614019417646,0.4931147991478062,0.00024047008429606934,0.011988011988011988,0.493778367863649,,,2.7594647283683917,/home/aurelienbk/social-sim/tmp/visualizer_randomized_network_59240914_74.json,forest_fire,0.5065491172750826,0.004941951917093732,0.005994005994005994,0.4989127250287881,,,-1.5452178358678355,,0.11104531249999999,0.001722885528839041,0.025974025974025976,0.1140625,,,1.7512408395658898,run,0.5091752366207623,0.0065068531625444865,0.6193806193806194,0.5118984095605097,,,0.4185084359092181
-0.003929949797061763,0.03019393759136954,0.9170829170829171,-0.007559564263800092,,,-0.1202100406995541,0.49906528497409325,0.015356939988193416,0.7192807192807192,0.5046632124352332,,,0.36452102212053017,/home/aurelienbk/social-sim/tmp/visualizer_randomized_network_59240948_0.json,barabasi_albert,0.5023735540006165,0.025610670007893434,0.7012987012987013,0.5116428799921582,,,0.36193219422548667,,0.070582421875,0.0042636616871667326,0.22577422577422576,0.065234375,,,-1.2543319023404635,run,0.5029576226265953,0.004692430954071241,0.6433566433566433,0.5005761749869324,,,-0.5075082964399659
-0.003490205409230816,0.06188313742436524,0.951048951048951,-0.012745912995289573,,,-0.14956752309740695,0.5012549019607843,0.03091124866188205,0.951048951048951,0.5058823529411764,,,0.14970119877746937,/home/aurelienbk/social-sim/tmp/visualizer_randomized_network_59240951_1.json,cycle,0.4987450980392157,0.03091124866188205,0.951048951048951,0.49411764705882355,,,-0.14970119877746757,,0.118739453125,0.0037436085897162926,0.8331668331668332,0.11953125,,,0.21150631964438524,run,0.5010815125505752,0.003480198215661349,0.37362637362637363,0.5038485270136445,,,0.7950738123527945
-0.003124421216831246,0.023805795814556212,0.5474525474525475,0.010612420361436871,,,0.5770376964196523,0.49432699386503065,0.011911844887424966,0.8271728271728271,0.4920245398773006,,,-0.19329113243916474,/home/aurelienbk/social-sim/tmp/visualizer_randomized_network_59240953_2.json,random,0.50492953662746,0.015823368719144575,0.1918081918081918,0.5261762173133239,,,1.3427406681206693,,0.0960796875,0.004214681181684386,0.6433566433566433,0.0984375,,,0.5594284355946723,run,0.5085146002914184,0.006628315201749279,0.6433566433566433,0.5110513000337684,,,0.3827065649624788
-0.003954823014679485,0.031579920063620294,0.8971028971028971,-0.000268731204811698,,,0.11672264535318196,0.4951527347781218,0.016498245437443604,0.8311688311688312,0.49948400412796695,,,0.26252908930637825,/home/aurelienbk/social-sim/tmp/visualizer_randomized_network_59240954_3.json,barabasi_albert,0.504535442103882,0.02630831556816493,0.04195804195804196,0.5591754440089477,,,2.0769099322795204,,0.07228203125,0.004512347353322378,0.48151848151848153,0.07578125,,,0.7754763709455047,run,0.5074216833418563,0.0060874862966996904,0.4995004995004995,0.5110308454315728,,,0.5928821707037281
-0.0013863375827312837,0.06362075411845416,0.0,0.3236928517302351,,,5.109640616766475,0.48723529411764704,0.030960854178243593,0.0,0.32941176470588235,,,-5.097518579531581,/home/aurelienbk/social-sim/tmp/visualizer_randomized_network_59240955_4.json,cycle,0.5127647058823529,0.030960854178243593,0.0,0.6705882352941176,,,5.097518579531581,,0.12672734375,0.0038426996287918213,0.2757242757242757,0.122265625,,,-1.1610896455632678,run,0.5137402105994109,0.007547158362025297,0.4075924075924076,0.5197782819257817,,,0.8000456644387236
-0.002624076272861651,0.0018645956900810352,0.16583416583416583,-6.621451552136653e-05,,,1.3718050357764797,0.47962622549019607,0.0,1.0,0.47962622549019607,,,nan,/home/aurelienbk/social-sim/tmp/visualizer_randomized_network_59240956_5.json,fully_connected,0.5201712208093321,0.00682495485254856,0.07992007992007992,0.5339209520053303,,,2.0146259562235507,,0.115539453125,0.0026761654313325286,0.7432567432567433,0.11484375,,,-0.2599626752721317,run,0.5222027595975814,0.010384756578963174,0.2137862137862138,0.5360125002171862,,,1.3298087937448309
-0.0032546684729813204,0.025098643150097244,0.36363636363636365,0.020076163994378414,,,0.9295654879761633,0.4552787958115183,0.012361649444431078,0.4035964035964036,0.4443717277486911,,,-0.8823311251348291,/home/aurelienbk/social-sim/tmp/visualizer_randomized_network_59240957_6.json,stochastic_block,0.5448107615951117,0.015651717329232578,0.5414585414585414,0.5357594391272678,,,-0.5782958046998987,,0.108015234375,0.004093881879966568,0.0939060939060939,0.101171875,,,-1.6716064546190315,run,0.5473245581199375,0.012457844296754646,0.43356643356643354,0.5370457998289112,,,-0.8250832203532998
-0.0027566971295336605,0.01572320781030873,0.1258741258741259,0.021947103914998677,,,1.5711680048097814,0.4963557129658146,0.008692170429485871,0.1018981018981019,0.4819833692639359,,,-1.653481580748156,/home/aurelienbk/social-sim/tmp/visualizer_randomized_network_59240958_7.json,powerlaw_cluster,0.5028417831757419,0.016855185547055025,0.12787212787212787,0.5283230797494268,,,1.511777874087958,,0.093739453125,0.004382006685494966,0.10589410589410589,0.08671875,,,-1.602166228600124,run,0.505493610717857,0.005386197354374908,0.5554445554445554,0.5081950847731286,,,0.5015549705168694
-0.002440840860835163,0.02647910747236614,0.7152847152847153,-0.012641313543028445,,,-0.3852272095212649,0.5006521136521137,0.013252997312132921,0.7252747252747253,0.5058905058905059,,,0.3952609447522113,/home/aurelienbk/social-sim/tmp/visualizer_randomized_network_59240959_8.json,stochastic_block,0.4994397552795519,0.016792213371881894,0.45554445554445555,0.4864522933695047,,,-0.7734216819680478,,0.1021703125,0.004170529775889429,0.8111888111888111,0.101171875,,,-0.23940303837947602,run,0.5015743825046367,0.00403572686961544,0.7072927072927073,0.5027965809986099,,,0.30284470021373505
-0.002465852349590689,0.023961915818099214,0.1038961038961039,0.03522181194331787,,,1.5728151529704415,0.48706388206388207,0.011808510309132188,0.25574425574425574,0.4735872235872236,,,-1.1412666055121452,/home/aurelienbk/social-sim/tmp/visualizer_randomized_network_59240960_9.json,random,0.5124357567953531,0.01683070567129334,0.5014985014985015,0.5237402511964464,,,0.6716589679525056,,0.093730078125,0.004125857343117806,0.24375624375624375,0.098828125,,,1.235633336548552,run,0.515539830136019,0.00849079281530208,0.46553446553446554,0.5086515204076463,,,-0.8112681440016581
-0.0015143673327206542,0.026690270369765116,0.001998001998001998,0.08231228648746715,,,3.140719545319672,0.487608635097493,0.013327676541975145,0.00999000999000999,0.45125348189415043,,,-2.7277937822727805,/home/aurelienbk/social-sim/tmp/visualizer_randomized_network_59240961_10.json,stochastic_block,0.512885273121655,0.01628783574776584,0.057942057942057944,0.5425432943602608,,,1.8208693713450512,,0.09980390625,0.004100077226724033,0.3116883116883117,0.0953125,,,-1.0954443054694971,run,0.5138680267082725,0.008093069140427546,0.5874125874125874,0.5178795888926299,,,0.49567872394890494
-0.003071493315947245,0.015537811775526295,0.01998001998001998,0.034381951606167416,,,2.410471015043947,0.47436762434352797,0.011711364502150897,0.43356643356643354,0.4649366697559469,,,-0.8052823038552858,/home/aurelienbk/social-sim/tmp/visualizer_randomized_network_59241122_11.json,powerlaw_cluster,0.5255824012785485,0.016777001224188588,0.0,0.5750985630535138,,,2.9514310163829736,,0.09418984375,0.004219487869587081,0.8851148851148851,0.093359375,,,-0.1968174280072707,run,0.5279233831387145,0.010597542950743997,0.11988011988011989,0.5450776000240357,,,1.6186975570707127
-0.004905042347338482,0.058760794904075105,0.9470529470529471,-0.012745912995289573,,,-0.1334371099089288,0.5019686274509804,0.02935682084621277,0.9470529470529471,0.5058823529411764,,,0.13331571257999425,/home/aurelienbk/social-sim/tmp/visualizer_randomized_network_59241157_12.json,cycle,0.4980313725490196,0.02935682084621277,0.9470529470529471,0.49411764705882355,,,-0.13331571257999236,,0.118491015625,0.003703226081210144,0.7952047952047953,0.11953125,,,0.2808995055090116,run,0.5011343541035013,0.00336557640057308,0.3776223776223776,0.5038485270136445,,,0.8064511355858797
-0.0038089179723456794,0.016467914431175,0.8811188811188811,-0.001927186562072051,,,0.11426652829282193,0.47464470443349754,0.011778440603337976,0.3956043956043956,0.4852216748768473,,,0.8979941232927118,/home/aurelienbk/social-sim/tmp/visualizer_randomized_network_59241162_13.json,powerlaw_cluster,0.5252018911330815,0.016373429069758666,0.8031968031968032,0.5290395385191324,,,0.23438263113369526,,0.0899125,0.003950168833642815,0.06593406593406594,0.082421875,,,-1.8962797073896724,run,0.5270347788659215,0.011052637916819348,0.7332667332667333,0.5227921048224902,,,-0.3838607647659464
-0.0028558130324902392,0.025422046773139372,0.7312687312687313,0.00532839574051763,,,0.3219335109419752,0.4930007072135785,0.012642873955417295,0.9590409590409591,0.49222065063649223,,,-0.061699308229839094,/home/aurelienbk/social-sim/tmp/visualizer_randomized_network_59241163_14.json,stochastic_block,0.5069769038980948,0.016430560563678684,0.39760239760239763,0.4929931621469712,,,-0.8510812334690511,,0.09640078125,0.004047213418515225,0.8211788211788211,0.0953125,,,-0.2688964325482134,run,0.5094834786161931,0.006722060260887208,0.6913086913086913,0.5114680304959075,,,0.29522970677035076
-0.002476484658964559,0.03183948109150298,0.7632367632367633,0.006779058266561373,,,0.2906938997820528,0.48826118626430803,0.01776425806711186,0.8091908091908092,0.4838709677419355,,,-0.2471377361095894,/home/aurelienbk/social-sim/tmp/visualizer_randomized_network_59241199_15.json,barabasi_albert,0.5125980390272338,0.025356139995960997,0.6013986013986014,0.4992357176104554,,,-0.5269856302618181,,0.072323046875,0.004527978290114183,0.7752247752247752,0.073828125,,,0.3323951725400246,run,0.5140010515297323,0.00793516639468623,0.8271728271728271,0.5115177862000392,,,-0.3129443298575355
-0.002613143848230899,0.0017855993976275718,0.5594405594405595,-0.002354318147593636,,,0.14495171816318425,0.4426470588235294,0.0,1.0,0.4426470588235294,,,nan,/home/aurelienbk/social-sim/tmp/visualizer_randomized_network_59241200_16.json,fully_connected,0.5568030876344571,0.009810288874381663,0.34165834165834164,0.5662468569628173,,,0.9626392707987872,,0.116229296875,0.002484886483599096,0.057942057942057944,0.11015625,,,-2.44399368545956,run,0.558872798865908,0.015148089788193904,0.4115884115884116,0.5465446251368302,,,-0.8138434549474423
-0.0035026741103909194,0.031068630109341654,0.5354645354645354,-0.02251521158083037,,,-0.6119528734780875,0.47906468716861084,0.018174225925919055,0.25774225774225773,0.49946977730646874,,,1.1227487883683298,/home/aurelienbk/social-sim/tmp/visualizer_randomized_network_59241201_17.json,barabasi_albert,0.5200027725738355,0.024242679035048488,0.46553446553446554,0.5020316658514069,,,-0.7413003610882763,,0.06463125,0.004343808342573457,0.8251748251748252,0.063671875,,,-0.2208603428924822,run,0.5223425216090335,0.009386910504825948,0.4255744255744256,0.5294505853524625,,,0.7572314383709766
-0.0016925602162417759,0.024573937484875175,0.5114885114885115,0.013672562625060657,,,0.6252609233159885,0.48080445246690734,0.012187344446997681,1.0,0.48074608904933813,,,-0.004788854358144019,/home/aurelienbk/social-sim/tmp/visualizer_randomized_network_59241202_18.json,random,0.519356541532697,0.016275113354720608,0.5494505494505495,0.50992406808141,,,-0.5795642245742672,,0.097859765625,0.004063284193407517,0.37962037962037964,0.1015625,,,0.9112664039122617,run,0.520974588036827,0.00953748356571188,0.11388611388611389,0.5072020821206997,,,-1.4440398058079629
-0.0026077312734714623,0.001689033602518334,0.16383616383616384,-6.621451552136653e-05,,,1.5047165160957823,0.47962622549019607,0.0,1.0,0.47962622549019607,,,nan,/home/aurelienbk/social-sim/tmp/visualizer_randomized_network_59241204_19.json,fully_connected,0.5204565889307992,0.007058429314051907,0.0959040959040959,0.5339209520053303,,,1.9075579672840688,,0.115748046875,0.002658089869438178,0.6873126873126874,0.11484375,,,-0.3402055308201964,run,0.5222143006869123,0.010645508095314057,0.2177822177822178,0.5360125002171862,,,1.2961522744365328
-0.0038193564919662536,0.026171733468364742,0.7392607392607392,0.003917156389873326,,,0.2956056728604218,0.4800142083897158,0.013004543826320207,0.8211788211788211,0.48308525033829497,,,0.23615145518319536,/home/aurelienbk/social-sim/tmp/visualizer_randomized_network_59241206_20.json,stochastic_block,0.520090428256147,0.01636398252619025,0.3876123876123876,0.5051600038694254,,,-0.9123955224729545,,0.0915328125,0.004008587818150811,0.3756243756243756,0.0953125,,,0.9428975168975057,run,0.5229125477583391,0.009945145986820274,0.45754245754245754,0.5303125214940644,,,0.7440789451992031
-0.0036880097857331807,0.03145619216843487,0.053946053946053944,0.05552870390864627,,,1.882513731391851,0.46707644628099176,0.01953158520635944,0.3076923076923077,0.4462809917355372,,,-1.0647089995892196,/home/aurelienbk/social-sim/tmp/visualizer_randomized_network_59241207_21.json,barabasi_albert,0.5335837495256779,0.0251777425567807,0.1018981018981019,0.5746196179544381,,,1.6298470101605143,,0.069663671875,0.004140190414535541,0.8271728271728271,0.070703125,,,0.2510640866542403,run,0.5358379975199562,0.011281211529370056,0.999000999000999,0.535585117300895,,,-0.02241605153869013
-0.004654688324021848,0.02599569863064427,0.0,0.09104528470378132,,,3.681377230423423,0.4819518900343643,0.012891357145869099,0.0,0.43848797250859106,,,-3.371554835846029,/home/aurelienbk/social-sim/tmp/visualizer_randomized_network_59241208_22.json,stochastic_block,0.517968659471221,0.016263501832099195,0.007992007992007992,0.5618518548846418,,,2.698262395544411,,0.10264765625,0.004190220806408792,0.015984015984015984,0.092578125,,,-2.4031027755384664,run,0.5212917220407569,0.00919401216388419,0.5754245754245755,0.5153890882265654,,,-0.6420084843239814
-0.003611692775017674,0.0626108226356954,0.961038961038961,-0.012745912995289573,,,-0.14588883895392776,0.5013176470588235,0.03127256044000256,0.961038961038961,0.5058823529411764,,,0.1459652109749841,/home/aurelienbk/social-sim/tmp/visualizer_randomized_network_59241241_23.json,cycle,0.49868235294117647,0.03127256044000256,0.961038961038961,0.49411764705882355,,,-0.1459652109749841,,0.118421875,0.0037399782277675662,0.8251748251748252,0.11953125,,,0.2966260583453203,run,0.5011550496533514,0.0033797325909888437,0.3916083916083916,0.5038485270136445,,,0.7969498437463535
-0.00351958233705629,0.025111279895430577,0.03396603396603397,0.053904766888483835,,,2.286794996697459,0.47980962199312716,0.012484699188150743,0.14585414585414586,0.4611683848797251,,,-1.4931266530710234,/home/aurelienbk/social-sim/tmp/visualizer_randomized_network_59241350_24.json,stochastic_block,0.520837253543656,0.016322599047193645,0.8031968031968032,0.5254023528413773,,,0.2796796811906122,,0.099220703125,0.004270095375862502,0.3036963036963037,0.09453125,,,-1.098208052098321,run,0.522445780959661,0.009633702441781274,0.8031968031968032,0.5243127205298622,,,0.19379253007694452
-0.005589824180018189,0.06292317724276335,0.967032967032967,-0.012745912995289573,,,-0.1137273915406805,0.5023019607843138,0.03143515485827992,0.967032967032967,0.5058823529411764,,,0.11389771015935089,/home/aurelienbk/social-sim/tmp/visualizer_randomized_network_59241523_25.json,cycle,0.4976980392156863,0.03143515485827992,0.967032967032967,0.49411764705882355,,,-0.11389771015935266,,0.118586328125,0.003619838060841614,0.7812187812187812,0.11953125,,,0.2610398197703655,run,0.5008917282721547,0.0033387851113355752,0.37362637362637363,0.5038485270136445,,,0.8855912084461833
-0.0034161248595497786,0.015738099016541086,0.6213786213786214,-0.011507394509520059,,,-0.5141198845849285,0.4279941212871287,0.015349882561178262,1.0,0.4282178217821782,,,0.014573433650577937,/home/aurelienbk/social-sim/tmp/visualizer_randomized_network_59241647_26.json,powerlaw_cluster,0.5709846651111682,0.01764537353929368,0.5174825174825175,0.5597023320365456,,,-0.6393932692611153,,0.09292109375,0.003784084982866531,0.955044955044955,0.092578125,,,-0.09063452632615003,run,0.5722128390998058,0.015773077954813405,0.7552447552447552,0.5769865274653934,,,0.30264786487857254
-0.003385474046995907,0.03242029320309853,0.0939060939060939,0.052015090092070664,,,1.7088236615260386,0.49913312368972745,0.016690468731064823,0.14185814185814186,0.47379454926624737,,,-1.5181463643569901,/home/aurelienbk/social-sim/tmp/visualizer_randomized_network_59241648_27.json,barabasi_albert,0.49981888137511093,0.025770255074130874,0.2137862137862138,0.5308555189663604,,,1.2043589596598594,,0.06871796875,0.004207400990768596,0.5754245754245755,0.06640625,,,-0.5494410338049807,run,0.5029428080178461,0.004340609091561666,0.1958041958041958,0.5088696012110596,,,1.3654289221149833
-0.004419387324701987,0.02625936327653754,0.023976023976023976,0.054382427333549255,,,2.239270390489248,0.45343508771929825,0.012935710336721,0.17582417582417584,0.4357894736842105,,,-1.3641008940186758,/home/aurelienbk/social-sim/tmp/visualizer_randomized_network_59241702_28.json,stochastic_block,0.5464456386509665,0.016972313573134962,0.16183816183816183,0.5707267345587018,,,1.430629701902823,,0.100580859375,0.004319190827829901,0.1798201798201798,0.09453125,,,-1.4006348911514792,run,0.5490914861005729,0.013356774636256258,0.8891108891108891,0.5468900692682253,,,-0.16481649891524092
-0.002713500574796366,0.01601914086115329,0.6013986013986014,0.005251017556278175,,,0.4971875957710468,0.49796913580246915,0.008752216442174826,0.9410589410589411,0.49691358024691357,,,-0.12060437062195113,/home/aurelienbk/social-sim/tmp/visualizer_randomized_network_59241746_29.json,powerlaw_cluster,0.5024756163733427,0.018160726071144297,0.7372627372627373,0.49638163104848926,,,-0.3355584628599305,,0.08555,0.004172746245015121,0.7652347652347652,0.083984375,,,-0.3752025424192378,run,0.5042277121383393,0.005401778525919026,0.6193806193806194,0.5062753484327468,,,0.37906705811474295
-0.0024747225992963495,0.00208375887825336,0.1958041958041958,-6.621451552136653e-05,,,1.1558477849384534,0.47962622549019607,0.0,1.0,0.47962622549019607,,,nan,/home/aurelienbk/social-sim/tmp/visualizer_randomized_network_59241752_30.json,fully_connected,0.5204465721992346,0.007282570349085979,0.11988011988011989,0.5339209520053303,,,1.8502230888558204,,0.115506640625,0.0026516294334012463,0.7392607392607392,0.11484375,,,-0.24999368940844774,run,0.5226763418947802,0.01079217856352671,0.24575424575424576,0.5360125002171862,,,1.2357243946534495
-0.002543000702364715,0.001946845458449646,0.15984015984015984,0.0004756286531193465,,,1.5505233568400039,0.47963804210461425,0.00021521885075649383,0.0899100899100899,0.4792713374225565,,,-1.7038687864412103,/home/aurelienbk/social-sim/tmp/visualizer_randomized_network_59241753_31.json,forest_fire,0.5201144920311584,0.007162236698518513,0.14785214785214784,0.5318224688469148,,,1.6346816376758484,,0.118544921875,0.0026423444652602453,1.0,0.11875,,,0.07761218406465248,run,0.5222399869348457,0.00992653278999167,0.3336663336663337,0.5125128423063253,,,-0.9799136147847839
-0.002330856611309388,0.023893473879764895,0.25574425574425574,0.022892784895482104,,,1.0556707506710903,0.47785050625372244,0.012063956802297058,0.7272727272727273,0.4729005360333532,,,-0.41031067182093534,/home/aurelienbk/social-sim/tmp/visualizer_randomized_network_59241761_32.json,random,0.5224587972299848,0.01636078933202689,0.5094905094905094,0.533178285711652,,,0.6551938457323352,,0.097040625,0.003984380060204053,0.01998001998001998,0.087890625,,,-2.2964676716938004,run,0.5241113928457137,0.009670910131826404,0.7212787212787213,0.5269094145582053,,,0.28932351498991005
-0.00142429192136506,0.03162042021589388,0.7712287712287712,-0.00954217299672681,,,-0.2567290700103134,0.4696799163179916,0.019567485268402452,0.26173826173826176,0.49267782426778245,,,1.1753123937150898,/home/aurelienbk/social-sim/tmp/visualizer_randomized_network_59241792_33.json,barabasi_albert,0.5303054430829647,0.025857608899198532,0.8611388611388612,0.5257236746337093,,,-0.17719227122340034,,0.069588671875,0.004248191263075355,0.985014985014985,0.069921875,,,0.07843411568969422,run,0.5314355244195466,0.011602182511976108,0.3776223776223776,0.5207711849611221,,,-0.9191666694965752
-0.002445299492566592,0.0020619524320296583,0.4255744255744256,-0.001428441957351598,,,0.4931527611498109,0.43992269726695044,0.00023900129240640022,0.4435564435564436,0.4397248442223456,,,-0.8278325301622809,/home/aurelienbk/social-sim/tmp/visualizer_randomized_network_59241793_34.json,forest_fire,0.5599424368439672,0.011124345659297654,0.8211788211788211,0.5609404896887848,,,0.08971789221449815,,0.11924765625,0.002123091416005303,0.997002997002997,0.119921875,,,0.3175646347195786,run,0.5614584940913215,0.015367736773961485,0.991008991008991,0.5608855622453126,,,-0.03728147185470293
-0.0026637314245558244,0.002034521646026999,0.22977022977022976,-0.004386922716388592,,,-0.8469761406558661,0.4794561027837259,0.002538926565571068,0.00999000999000999,0.48507762312633834,,,2.2141327042863916,/home/aurelienbk/social-sim/tmp/visualizer_randomized_network_59241794_35.json,forest_fire,0.520428255586962,0.007977686196349199,0.5974025974025974,0.5157564088593639,,,-0.5856142511266098,,0.12542109375,0.003059001340808836,0.6513486513486514,0.12734375,,,0.6285241605979952,run,0.5222738796114779,0.009740575770475783,0.8211788211788211,0.5239428388914572,,,0.17134092678977453
-0.002708889315155284,0.016214475690642636,0.8511488511488512,-0.0055035834031109685,,,-0.17235796835345718,0.4794635432826559,0.011270299561222797,0.33766233766233766,0.4908470369221222,,,1.0100435731657924,/home/aurelienbk/social-sim/tmp/visualizer_randomized_network_59241796_36.json,powerlaw_cluster,0.5212306463425949,0.01737371152242156,0.8571428571428571,0.5248086105167147,,,0.20594126761586284,,0.10115,0.004214140444124733,0.8231768231768232,0.1,,,-0.27289076271848134,run,0.5227172182125462,0.010075380704594466,0.8671328671328671,0.5229317618510757,,,0.02129384931644609
-0.006600120387482993,0.06163347727228634,0.9630369630369631,-0.012745912995289573,,,-0.09971516908993308,0.5028078431372549,0.030787930593316176,0.9630369630369631,0.5058823529411764,,,0.0998608787493173,/home/aurelienbk/social-sim/tmp/visualizer_randomized_network_59241801_37.json,cycle,0.4971921568627451,0.030787930593316172,0.9630369630369631,0.49411764705882355,,,-0.09986087874931732,,0.118686328125,0.003555401591097669,0.8351648351648352,0.11953125,,,0.23764456794855243,run,0.5008727158416252,0.003273430701806791,0.3276723276723277,0.5038485270136445,,,0.9090802412211643
-0.002588988217350943,0.0019665129274351978,0.5574425574425574,-0.002354318147593636,,,0.11933309284845288,0.4426470588235294,0.0,1.0,0.4426470588235294,,,nan,/home/aurelienbk/social-sim/tmp/visualizer_randomized_network_59241804_38.json,fully_connected,0.557132846744508,0.010405314822788047,0.33166833166833165,0.5662468569628173,,,0.8758995161154784,,0.116446875,0.0024212323871372864,0.03996003996003996,0.11015625,,,-2.5981087290169818,run,0.559269080954966,0.01456906422294137,0.3836163836163836,0.5465446251368302,,,-0.873388683268965
-0.005333350791405292,0.0260573658700145,0.0,0.0749032434115201,,,3.079228906067501,0.49620827586206895,0.013063255686265542,0.001998001998001998,0.4579310344827586,,,-2.9301456159626644,/home/aurelienbk/social-sim/tmp/visualizer_randomized_network_59241808_39.json,stochastic_block,0.5042579216706232,0.016660080950858688,0.14185814185814186,0.5290218518041099,,,1.4864231576383957,,0.0996671875,0.004046607499970972,0.6893106893106893,0.098046875,,,-0.40041256781430407,run,0.5070382943139538,0.0060769188110759865,0.2037962037962038,0.5153298326486982,,,1.3644313166784579
-0.0026637451669742347,0.0017353625376964957,0.1838161838161838,-6.621451552136653e-05,,,1.4968230528364443,0.47962622549019607,0.0,1.0,0.47962622549019607,,,nan,/home/aurelienbk/social-sim/tmp/visualizer_randomized_network_59241809_40.json,fully_connected,0.520457831697002,0.0072636008945723,0.10989010989010989,0.5339209520053303,,,1.8535049631359248,,0.115523828125,0.0027523839588721385,0.7232767232767233,0.11484375,,,-0.2470869381460466,run,0.5217666202455323,0.010120246627941138,0.18181818181818182,0.5360125002171862,,,1.407661344173389
-0.002232639238300733,0.06233913144182004,0.0,0.3236928517302351,,,5.228264870400322,0.4876274509803922,0.030351491295582983,0.0,0.32941176470588235,,,-5.212781300717661,/home/aurelienbk/social-sim/tmp/visualizer_randomized_network_59241828_41.json,cycle,0.5123725490196078,0.030351491295582986,0.0,0.6705882352941176,,,5.212781300717658,,0.126694921875,0.0036052648037494784,0.22977022977022976,0.122265625,,,-1.2285635358583176,run,0.5132359858479635,0.00779765418346067,0.3696303696303696,0.5197782819257817,,,0.8390082355402262
-0.0030506838860006533,0.024620666438533476,0.8671328671328671,-0.006909789504419597,,,-0.15674253286576795,0.4726967984934087,0.01241419947058276,0.6393606393606394,0.4783427495291902,,,0.45479783446048405,/home/aurelienbk/social-sim/tmp/visualizer_randomized_network_59241829_42.json,random,0.5270254281251157,0.01644647815151774,0.6033966033966034,0.5364720522533022,,,0.5743858375730589,,0.09671328125,0.003968792903769539,0.3836163836163836,0.09296875,,,-0.9434937374644734,run,0.529875034355146,0.010851777053089904,0.8751248751248751,0.5312368288697491,,,0.12549046187926435
-0.0037593182494365988,0.06201093349462633,0.0,0.3236928517302351,,,5.28055540412156,0.48838039215686274,0.030189430104602424,0.0,0.32941176470588235,,,-5.265704814571686,/home/aurelienbk/social-sim/tmp/visualizer_randomized_network_59241864_43.json,cycle,0.5116196078431372,0.030189430104602424,0.0,0.6705882352941176,,,5.265704814571686,,0.126898046875,0.004048249523778782,0.2837162837162837,0.122265625,,,-1.1443024566025097,run,0.5133736050403863,0.007609460817069097,0.4095904095904096,0.5197782819257817,,,0.8416728910711743
-0.0035637593589954277,0.01613459312449082,0.2097902097902098,0.017243254128070786,,,1.2895902193829165,0.48479191290824264,0.010688625007031388,0.25574425574425574,0.47216174183514775,,,-1.1816460082364453,/home/aurelienbk/social-sim/tmp/visualizer_randomized_network_59241871_44.json,powerlaw_cluster,0.5159200168709418,0.017206813937015564,0.3016983016983017,0.5338814454499915,,,1.0438555705196995,,0.10024375,0.004160808745816492,0.4095904095904096,0.096484375,,,-0.9035202600407657,run,0.5175787652847975,0.008750033712417298,0.6693306693306693,0.5210924371741987,,,0.4015609544926568
-0.0026321246508322067,0.024726622957271047,0.7552447552447552,0.005589790518092136,,,0.33251265986189305,0.2699785759294266,0.010735848662443748,0.5174825174825175,0.2627599243856333,,,-0.672387602579167,/home/aurelienbk/social-sim/tmp/visualizer_randomized_network_59241872_45.json,random,0.7300706326254197,0.01625720695808362,0.25774225774225773,0.7480053904013165,,,1.1031881320166783,,0.100891015625,0.004407998087596623,0.07992007992007992,0.09296875,,,-1.7972479723373604,run,0.7303441597261358,0.023120417903042874,0.15784215784215785,0.761246427811403,,,1.3365791316946807
-0.004093259324624509,0.061688925063377566,0.0,0.3236928517302351,,,5.313532546046164,0.48854117647058826,0.030015887245391153,0.0,0.32941176470588235,,,-5.301506181168765,/home/aurelienbk/social-sim/tmp/visualizer_randomized_network_59241886_46.json,cycle,0.5114588235294117,0.030015887245391153,0.0,0.6705882352941176,,,5.301506181168763,,0.1269,0.0038267989866511455,0.25574425574425574,0.122265625,,,-1.211031730740469,run,0.5139720323565685,0.007833606478345717,0.4175824175824176,0.5197782819257817,,,0.741197504018521
-0.0025247561072567473,0.002031961363761278,0.24775224775224775,-0.0005983948827437498,,,0.948030439391422,0.4453208705357143,0.0004603576492296227,0.5774225774225774,0.44503348214285715,,,-0.62427200533772,/home/aurelienbk/social-sim/tmp/visualizer_randomized_network_59241909_47.json,forest_fire,0.5548479815069188,0.01049405065103666,0.3776223776223776,0.5454956855855154,,,-0.8911998076242883,,0.109669140625,0.0018492041201282742,0.6013986013986014,0.108984375,,,-0.37030288735918443,run,0.5566564498071808,0.015932285274209486,0.4035964035964036,0.5700119086659775,,,0.8382638541136341
-0.0026694914761128865,0.0018894249000629619,0.5694305694305695,-0.002508405236417079,,,0.08525675706424717,0.4577286943647636,0.00024439883035243574,0.7592407592407593,0.45763548317448566,,,-0.38138967417940034,/home/aurelienbk/social-sim/tmp/visualizer_randomized_network_59241913_48.json,forest_fire,0.5423758710744871,0.009267389707295152,0.9070929070929071,0.541910492760695,,,-0.05021676313296513,,0.116078125,0.0026005981556205524,0.23176823176823177,0.119140625,,,1.177613693750092,run,0.5440380385487945,0.013594740068107005,0.4275724275724276,0.5332503573877525,,,-0.7935187511491812
-0.0025624417460957754,0.0018860435910750255,0.18981018981018982,-6.621451552136653e-05,,,1.3235257352411376,0.47962622549019607,0.0,1.0,0.47962622549019607,,,nan,/home/aurelienbk/social-sim/tmp/visualizer_randomized_network_59241943_49.json,fully_connected,0.5209427698872209,0.00777327671583916,0.12787212787212787,0.5339209520053303,,,1.6695896199944251,,0.11568203125,0.0027177814336112123,0.7152847152847153,0.11484375,,,-0.3084432175571047,run,0.5225008592126402,0.010484341330998792,0.2177822177822178,0.5360125002171862,,,1.288744860356311
-0.002312795574131151,0.02472909673495466,0.16383616383616384,0.03139471730614088,,,1.3630709298260115,0.48959695817490495,0.012399327345063762,0.6693306693306693,0.4841571609632446,,,-0.4387171223305058,/home/aurelienbk/social-sim/tmp/visualizer_randomized_network_59241948_50.json,random,0.5104665827129161,0.0169380107306681,0.12787212787212787,0.5356881907259023,,,1.4890537273848683,,0.102742578125,0.004549199818889641,0.5314685314685315,0.1,,,-0.6028704462732073,run,0.5126131772781611,0.007508599982809892,0.4955044955044955,0.5171502815585691,,,0.6042543604393877
-0.003512502734750043,0.02552055032414975,0.061938061938061936,0.04517333148999408,,,1.9077109861017918,0.49120082530949105,0.012648273301873887,0.10789210789210789,0.47042640990371387,,,-1.6424704708665157,/home/aurelienbk/social-sim/tmp/visualizer_randomized_network_59241963_51.json,stochastic_block,0.5082926857093524,0.01622877816589438,0.7172827172827173,0.5143126592200666,,,0.37094434646753305,,0.101172265625,0.004216461917721282,0.03796203796203796,0.092578125,,,-2.0382350873085935,run,0.5113857747105333,0.007425772823072615,0.1958041958041958,0.5218409479672522,,,1.4079575965795372
-0.0061207879908177385,0.0643109316688708,0.9690309690309691,-0.012745912995289573,,,-0.10301708951417157,0.5025686274509804,0.03212913656425366,0.9690309690309691,0.5058823529411764,,,0.10313770753126418,/home/aurelienbk/social-sim/tmp/visualizer_randomized_network_59241986_52.json,cycle,0.4974313725490196,0.03212913656425366,0.9690309690309691,0.49411764705882355,,,-0.10313770753126418,,0.11853515625,0.0035202815236894717,0.7812187812187812,0.11953125,,,0.28295854842769574,run,0.5009466172966442,0.0032283995768677214,0.3676323676323676,0.5038485270136445,,,0.8988694391466024
-0.003068895036873203,0.03132864564743935,0.14185814185814186,0.04263793263144882,,,1.4589468112566775,0.501766806722689,0.015635900281297736,0.15384615384615385,0.4789915966386555,,,-1.4565972968806418,/home/aurelienbk/social-sim/tmp/visualizer_randomized_network_59241994_53.json,barabasi_albert,0.4963619127685441,0.02638185598329242,0.023976023976023976,0.5562264821577272,,,2.2691568564052216,,0.06548515625,0.004539171195766956,0.3196803196803197,0.0609375,,,-1.0018692959280657,run,0.5002448581528376,0.0032364736550831528,0.5534465534465535,0.5021006786372987,,,0.5734081850307569
-0.0034051628030482904,0.030556398417259153,0.24175824175824176,0.032576163866927486,,,1.1775382091383015,0.501428125,0.015387838353919603,0.32967032967032966,0.48541666666666666,,,-1.0405268085789898,/home/aurelienbk/social-sim/tmp/visualizer_randomized_network_59242008_54.json,barabasi_albert,0.4988522577722048,0.026231624746877454,0.4875124875124875,0.5175594140158508,,,0.7131527850127868,,0.070415234375,0.004321948281236822,0.7012987012987013,0.072265625,,,0.42813807676348986,run,0.5008060690132335,0.0035039175696072464,0.11988011988011989,0.5063276943995071,,,1.5758434028721917
-0.003361634478748922,0.024795859521374752,0.33966033966033965,-0.026436149861818366,,,-0.9305793720592158,0.48134610123119015,0.012564319250549747,0.32167832167832167,0.4945280437756498,,,1.049156924588881,/home/aurelienbk/social-sim/tmp/visualizer_randomized_network_59242015_55.json,stochastic_block,0.518165413271764,0.015645126229975246,0.945054945054945,0.5189368651062198,,,0.04930940301253402,,0.1036453125,0.004494771304790001,0.4935064935064935,0.100390625,,,-0.7241052501451054,run,0.5217521611033352,0.00980018487263531,0.7032967032967034,0.5247992742477356,,,0.31092404725024797
-0.005255282644082752,0.031686793059054884,0.7972027972027972,0.00414078674948249,,,0.29652951550047135,0.49393970893970895,0.016995012167538365,0.971028971028971,0.49272349272349275,,,-0.07156312712380752,/home/aurelienbk/social-sim/tmp/visualizer_randomized_network_59242068_56.json,barabasi_albert,0.5061522178949956,0.025998750398691768,0.13586413586413587,0.5448749301926287,,,1.4894066716214758,,0.067840625,0.004186750991441106,0.22577422577422576,0.0625,,,-1.2756012982185323,run,0.5089849625612995,0.006804430022968786,0.5574425574425574,0.512274465192902,,,0.4834354413960481
-0.0015524368201802572,0.02469236396813141,0.44955044955044954,-0.020201086470880068,,,-0.7552395418586989,0.48806008583690985,0.012320236229572372,0.43356643356643354,0.4978540772532189,,,0.7949515929573202,/home/aurelienbk/social-sim/tmp/visualizer_randomized_network_59242069_57.json,random,0.5126391390366752,0.01644489210294438,0.3436563436563437,0.4975109461583839,,,-0.9199326321869075,,0.0946234375,0.004169933497866198,0.6513486513486514,0.092578125,,,-0.49049043612964494,run,0.5138506350196934,0.00785248708483078,0.7632367632367633,0.5157930081173453,,,0.24735769402335053
-0.0009449228487804258,0.02441605131997351,0.04995004995004995,0.04840141878069226,,,2.021061513296583,0.48900507292327205,0.012263061969938857,0.0939060939060939,0.4679771718452758,,,-1.7147349601219604,/home/aurelienbk/social-sim/tmp/visualizer_randomized_network_59242070_58.json,random,0.5112138290169917,0.016190765460799277,0.2017982017982018,0.532663969607115,,,1.3248379542065443,,0.102787890625,0.004300343529510845,0.16583416583416583,0.108984375,,,1.440927761346738,run,0.5126047821962217,0.007568845147686913,0.43356643356643354,0.5180931623248355,,,0.7251278129651033
-0.0021551620412657525,0.061644174690902775,0.903096903096903,-0.012745912995289573,,,-0.1718045704582491,0.5005882352941177,0.030788469593125273,0.903096903096903,0.5058823529411764,,,0.17195130894849353,/home/aurelienbk/social-sim/tmp/visualizer_randomized_network_59242072_59.json,cycle,0.49941176470588233,0.030788469593125273,0.903096903096903,0.49411764705882355,,,-0.17195130894849353,,0.1186359375,0.003499245327551877,0.8511488511488512,0.11953125,,,0.25585873986902846,run,0.5011470353489507,0.0033221999497693943,0.3956043956043956,0.5038485270136445,,,0.8131634776772905
-0.002268303972689812,0.02471073526322123,0.43356643356643354,0.01700829139008458,,,0.7800899146641396,0.4811219660194175,0.012200056838079766,0.7472527472527473,0.47633495145631066,,,-0.3923764148512173,/home/aurelienbk/social-sim/tmp/visualizer_randomized_network_59242105_60.json,random,0.5192193216401657,0.01679630479175554,0.6913086913086913,0.5131196492209557,,,-0.36315561635938387,,0.093883984375,0.004072854574900112,0.01998001998001998,0.083203125,,,-2.622450465288699,run,0.5209737226596247,0.009440234700830205,0.8871128871128872,0.5188703259053086,,,-0.22281191315414703
-0.0027554999280911883,0.06383775031994421,0.0,0.3236928517302351,,,5.113719547167959,0.48787450980392155,0.031036477446550366,0.0,0.32941176470588235,,,-5.105693626827873,/home/aurelienbk/social-sim/tmp/visualizer_randomized_network_59242106_61.json,cycle,0.5121254901960784,0.031036477446550362,0.0,0.6705882352941176,,,5.105693626827871,,0.12677890625,0.0037378679207693464,0.21978021978021978,0.122265625,,,-1.2074480280381445,run,0.5137388085601744,0.007783929786231147,0.43356643356643354,0.5197782819257817,,,0.7758900107617105
-0.002876314711457563,0.015826809854743388,0.1798201798201798,-0.02429120643924999,,,-1.3530769576646084,0.49497469916692377,0.00924245024778796,0.06393606393606394,0.5118790496760259,,,1.8289901547642047,/home/aurelienbk/social-sim/tmp/visualizer_randomized_network_59242108_62.json,powerlaw_cluster,0.5059284377777467,0.01639893190038985,0.1258741258741259,0.48091018247926004,,,-1.5256027313517813,,0.09595,0.004309716257554188,0.47352647352647353,0.09921875,,,0.7584606049807681,run,0.5073709226036703,0.006296950923515577,0.7452547452547452,0.508982583683868,,,0.25594309051686637
-0.0028532604018675473,0.016133234266259015,0.8811188811188811,-0.0009624573972486709,,,0.11719925300863539,0.4922890262751159,0.009531717549170374,0.8031968031968032,0.49489953632148376,,,0.2738761438220627,/home/aurelienbk/social-sim/tmp/visualizer_randomized_network_59242110_63.json,powerlaw_cluster,0.5092973793891697,0.017046460941093217,0.32967032967032966,0.5264593071050258,,,1.0067736508570198,,0.093162109375,0.00398299499199836,0.8531468531468531,0.0921875,,,-0.2446925936281448,run,0.5102610399901027,0.00688535903507973,0.27972027972027974,0.5181821525271358,,,1.1504283940280202
-0.0025270595250204146,0.03179967656644418,0.005994005994005994,0.09189797934905955,,,2.969371046173458,0.4879875130072841,0.0177432876043223,0.0899100899100899,0.4557752341311134,,,-1.8154628158269666,/home/aurelienbk/social-sim/tmp/visualizer_randomized_network_59242115_64.json,barabasi_albert,0.511312358912932,0.02528838132957449,0.0,0.6036677553733294,,,3.652088097563948,,0.079123046875,0.004415976765774954,0.6033966033966034,0.0765625,,,-0.5798370351141675,run,0.5141186034422233,0.007858477667087364,0.24975024975024976,0.5235189016386742,,,1.196198372595876
-0.0049798236715447265,0.0637506494790887,0.0,0.3236928517302351,,,5.155597285476912,0.48897254901960785,0.031042706582165815,0.0,0.32941176470588235,,,-5.140040991315942,/home/aurelienbk/social-sim/tmp/visualizer_randomized_network_59242122_65.json,cycle,0.5110274509803922,0.03104270658216582,0.0,0.6705882352941176,,,5.1400409913159395,,0.126843359375,0.003676165329412656,0.25374625374625376,0.122265625,,,-1.245247143368108,run,0.5135856793330378,0.00749464989751004,0.3936063936063936,0.5197782819257817,,,0.8262697627545323
-0.006809538660206055,0.06255090131156314,0.993006993006993,-0.012745912995289573,,,-0.09490469698453603,0.5029137254901961,0.03124420522751033,0.993006993006993,0.5058823529411764,,,0.09501369707962702,/home/aurelienbk/social-sim/tmp/visualizer_randomized_network_59242361_66.json,cycle,0.4970862745098039,0.03124420522751033,0.993006993006993,0.49411764705882355,,,-0.09501369707962702,,0.118669921875,0.003549522873840797,0.8751248751248751,0.11953125,,,0.24266025480432984,run,0.501058919579299,0.0033586711738338737,0.38161838161838163,0.5038485270136445,,,0.8305687844878022
-0.00338233572247924,0.03165719315795432,0.37962037962037964,0.02517698478127156,,,0.9021431673128248,0.5001587802313354,0.016078118585972353,0.7792207792207793,0.4942166140904311,,,-0.3695809375413281,/home/aurelienbk/social-sim/tmp/visualizer_randomized_network_59242362_67.json,barabasi_albert,0.5004030525648218,0.025125031136857774,0.5254745254745254,0.5171890818731608,,,0.668099841027237,,0.070296484375,0.004425518745536486,0.3076923076923077,0.075,,,1.0628167894992875,run,0.5021107923893499,0.004199051616454529,0.6873126873126874,0.5033382293361149,,,0.2923128979780126
-0.0018724765953410509,0.023884942341058802,0.001998001998001998,0.06177606177606161,,,2.6647976563037066,0.492751430387794,0.012018953975590246,0.011988011988011988,0.4634456452638271,,,-2.4382974744295685,/home/aurelienbk/social-sim/tmp/visualizer_randomized_network_59242363_68.json,random,0.5070777465765357,0.01624235106658474,0.4015984015984016,0.5202804145513783,,,0.8128544889048939,,0.094650390625,0.004160356296694212,0.6833166833166833,0.09296875,,,-0.404205915328986,run,0.5093169361762016,0.006645039629022811,0.9370629370629371,0.5090238335058742,,,-0.04410849094822344
-0.0031509524476821165,0.016267966426539028,0.6053946053946054,0.005204260099250445,,,0.5135990773439354,0.4919748002458513,0.009754404756602532,0.7492507492507493,0.48893669330055317,,,-0.3114600040808926,/home/aurelienbk/social-sim/tmp/visualizer_randomized_network_59242364_69.json,powerlaw_cluster,0.5075032088047557,0.01681055680339475,0.13986013986013987,0.5324888175031647,,,1.4863046471704793,,0.096966015625,0.004426474531288006,0.5354645354645354,0.094140625,,,-0.6382936589895768,run,0.51007297360949,0.0069305123325160995,0.975024975024975,0.5091417360219547,,,-0.13436778449498044
-0.0025816786518389335,0.001861547937374294,0.5454545454545454,-0.002354318147593636,,,0.12213518635785912,0.4426470588235294,0.0,1.0,0.4426470588235294,,,nan,/home/aurelienbk/social-sim/tmp/visualizer_randomized_network_59242365_70.json,fully_connected,0.5573619946592338,0.01021683665925899,0.3356643356643357,0.5662468569628173,,,0.8696294753358565,,0.116348046875,0.002508592443487409,0.053946053946053944,0.11015625,,,-2.468235480448253,run,0.5583897785579368,0.014608765083908199,0.43956043956043955,0.5465446251368302,,,-0.8108251007577791
-0.007597872060266294,0.0618097585466852,0.0,0.3236928517302351,,,5.359844975616204,0.4902470588235294,0.03004380360308569,0.0,0.32941176470588235,,,-5.353359922148082,/home/aurelienbk/social-sim/tmp/visualizer_randomized_network_59242368_71.json,cycle,0.5097529411764706,0.03004380360308569,0.0,0.6705882352941176,,,5.353359922148078,,0.126696484375,0.0037941672824524306,0.2757242757242757,0.122265625,,,-1.1678081236671332,run,0.5137162800143824,0.007954242918806042,0.4355644355644356,0.5197782819257817,,,0.7621092256394402
-0.00301092465295976,0.024914841739022288,0.015984015984015984,0.05687140147382204,,,2.403480092470044,0.4826173010380623,0.012324037584179506,0.03996003996003996,0.457439446366782,,,-2.042987494910055,/home/aurelienbk/social-sim/tmp/visualizer_randomized_network_59242391_72.json,stochastic_block,0.5173997828447523,0.016285054019135797,0.04395604395604396,0.5504491217905852,,,2.029427652312251,,0.102649609375,0.004152969179548262,0.03996003996003996,0.09375,,,-2.14295098042795,run,0.5193091467038674,0.009187557034816041,0.027972027972027972,0.5427717070479695,,,2.5537322114236956
-0.002595439578446188,0.0018025116554762214,0.18581418581418582,-6.621451552136653e-05,,,1.4031671058773836,0.47962622549019607,0.0,1.0,0.47962622549019607,,,nan,/home/aurelienbk/social-sim/tmp/visualizer_randomized_network_59242394_73.json,fully_connected,0.5199749374979467,0.007079530075214373,0.07992007992007992,0.5339209520053303,,,1.9699068100874404,,0.11553515625,0.0027652611986293592,0.7212787212787213,0.11484375,,,-0.2500328903261354,run,0.5222124415147672,0.010257543934361709,0.1978021978021978,0.5360125002171862,,,1.3453570163311896
-0.0037058852906079204,0.023770103529423593,0.8011988011988012,0.0030825356630110722,,,0.2855865118642,0.5024661700806952,0.01189768864873972,0.7852147852147852,0.49844816883923027,,,-0.33771275750189594,/home/aurelienbk/social-sim/tmp/visualizer_randomized_network_59242395_74.json,random,0.497206796287691,0.015742589528733496,0.9090909090909091,0.49897976638893593,,,0.11262251982171695,,0.09543515625,0.00427839358843901,0.23176823176823177,0.10078125,,,1.249556320495176,run,0.5005258175897075,0.003365025568974209,0.01998001998001998,0.5093429702197932,,,2.620233472036757
-0.0041962826121599356,0.012601246011753464,0.0,,0.15547346936747275,0.17183741740380537,12.670949510128215,0.49510081699346403,0.006207804474637196,0.0,,0.41764705882352937,0.09013304443327926,-12.47683597097528,,cycle,0.5048991830065359,0.006207804474637207,0.0,,0.5823529411764705,0.09013304443327923,12.476835970975248,24,0.12271341145833334,0.0007547065481403654,0.013986013986013986,,0.12089843750000001,0.0013965927457760706,-2.404873739078471,topology,0.5073635713884281,0.0011910326464552106,0.0,,0.5118134044697131,0.008136184741405837,3.7361134428419978
-0.002609841042555174,0.0004951896558400375,0.977022977022977,,-0.002665370177694752,0.0016618520644090975,-0.11213710642920932,0.47147196607366104,0.00018237478816813288,0.0,,0.4719314992509309,0.016100973454919756,2.5197187719073857,,forest_fire,0.5285286010571331,0.0020926059116749434,0.5154845154845155,,0.5271318363609045,0.016864760995672096,-0.6674762259036768,15,0.11480192708333334,0.0006213467721700278,0.4975024975024975,,0.115234375,0.007035898760838438,0.695984812404119,topology,0.5303855255141995,0.0030113822883295607,0.5374625374625375,,0.5323023524372241,0.01887198329938145,0.6365272620660591
-0.0025946319826402903,0.00045090340060857485,0.005994005994005994,,-0.0010831494631090418,0.001169930251102624,3.3521204707953682,0.4631910403050109,0.0,1.0,,0.4631910403050109,0.01890781743339004,nan,,fully_connected,0.5367720141417626,0.0019680489691468817,0.0,,0.5482880208753245,0.01652855822346678,5.8514838370886215,18,0.11594388020833334,0.0006006576154204859,0.0,,0.11276041666666667,0.002396765590148031,-5.299963673045429,topology,0.5385889665034982,0.002938709491237464,0.46153846153846156,,0.5406934446259168,0.005385180714355946,0.7161232264344968
-0.003422731824425113,0.0049783080609668755,0.0,,0.03207780456371826,0.03890904973386587,7.131044514197568,0.4872826784414451,0.002523665258847332,0.0,,0.47320747717378225,0.021832043636836666,-5.577285346508923,,stochastic_block,0.5127363317244503,0.0031731436459163475,0.0,,0.5248654429884945,0.02208611491098142,3.822427415050564,25,0.100780921875,0.0008073118820424955,0.0,,0.098078125,0.006147350404213794,-3.347896810538614,topology,0.5153453814458006,0.0016220595988399307,0.10989010989010989,,0.5179840099827886,0.011796003452048898,1.6267149116315722
-0.0024037979179262828,0.004601486040491525,0.0,,0.017139376848966912,0.025558996888740543,4.247144204050572,0.47708318815853656,0.00227547817905415,0.007992007992007992,,0.4713263717283143,0.04589007252399228,-2.5299369966339054,,random,0.5228950242238135,0.00314561052615125,0.017982017982017984,,0.5307582978211853,0.04785076311898401,2.4997607084538775,27,0.09723871527777778,0.0008046064650927674,0.02197802197802198,,0.09535590277777778,0.006682325703892368,-2.3400414757827206,topology,0.5251452831769151,0.0018043176840057322,0.06593406593406594,,0.528547386577316,0.05152551390475519,1.885534587705186
-0.0031340644444083697,0.0034190007336932877,0.2837162837162837,,0.0005642845904728421,0.013726403814004156,1.081704662545119,0.4839657125187636,0.002266032036431314,0.0919080919080919,,0.4878218958946544,0.016898767527049368,1.701733829837545,,powerlaw_cluster,0.51607578611062,0.0036275461041953743,0.003996003996003996,,0.5279763771294387,0.020237823631309167,3.2806174413759392,22,0.09275788352272728,0.0008977433266259392,0.07192807192807193,,0.09115767045454545,0.006026926630747949,-1.7824839469384124,topology,0.5181623256087002,0.00191897009521704,0.12987012987012986,,0.5211131910246576,0.017347852534696458,1.5377339247298687
-0.0033415729304695947,0.006272387480008217,0.0,,0.02392231697845881,0.02942389206389161,4.3466526893986925,0.4898580741554547,0.0034365694187550094,0.057942057942057944,,0.48310150305285776,0.015634837151225794,-1.9660802036248903,,barabasi_albert,0.5101903106961057,0.004875041739547072,0.0,,0.5383591858052922,0.026067986309735853,5.778181319080076,25,0.07003265625,0.0008613157884006804,0.04995004995004995,,0.06840625,0.00609896444900775,-1.888281013656987,topology,0.5123623775288452,0.0014695896972840043,0.8931068931068931,,0.5124900340930427,0.01044636464476471,0.08686544579992615
